Country Name,Country Code,Indicator Name,Indicator Code,1960,1961,1962,1963,1964,1965,1966,1967,1968,1969,1970,1971,1972,1973,1974,1975,1976,1977,1978,1979,1980,1981,1982,1983,1984,1985,1986,1987,1988,1989,1990,1991,1992,1993,1994,1995,1996,1997,1998,1999,2000,2001,2002,2003,2004,2005,2006,2007,2008,2009,2010,2011,2012,2013,2014,2015,2016,2017,2018,2019,2020,2021,2022,2023,2024,2025,region
Aruba,ABW,Energy use (kg of oil equivalent per capita),EG.USE.PCAP.KG.OE,,,,,,,,,,,,,,,,,,,,,,,,,,,,,,,,,,,,,,,,,,,,,,,,,,,,,,,,,,,,,,,,,,,Latin America & Caribbean
Africa Eastern and Southern,AFE,Energy use (kg of oil equivalent per capita),EG.USE.PCAP.KG.OE,,,,,,,,,,,,,,,,,,,,,,,,,,,,,,,696.451979,694.5511651,664.6506493,668.7354841,678.9861924,693.5087837,693.1092383,692.2010534,678.9878495,669.6655405,636.5029357,622.48563,606.0638797,629.2386594,643.0874186,627.3147174,631.3598558,641.241172,659.7960636,660.517214,628.5819434,636.5189016,612.156934,614.2805243,622.3196203,610.0192279,608.5966889,599.3720815,585.5409081,588.9627503,568.1920832,579.9615786,568.3823944,565.2216244,,,
Afghanistan,AFG,Energy use (kg of oil equivalent per capita),EG.USE.PCAP.KG.OE,,,,,,,,,,,,,,,,,,,,,,,,,,,,,,,,,,,,,,,,,,,,,,,,,,,,,,,,,,,,,,,,,,,
Africa Western and Central,AFW,Energy use (kg of oil equivalent per capita),EG.USE.PCAP.KG.OE,,,,,,,,,,,,,,,,,,,,,,,,,,,,,,,296.7758744,304.4279513,310.2377262,307.1316697,286.0646333,282.9832997,292.2724624,299.03099,294.2670607,298.153319,285.7279611,289.2988438,292.2322468,297.0346571,302.350205,312.4483753,303.0908319,300.481101,307.3319909,295.9159924,337.2261248,359.0813753,354.7679515,356.6625817,355.4448024,337.5093313,344.7850239,335.3172815,327.1219868,344.6028254,342.5058261,352.3331467,352.0769528,344.3919208,,,
Angola,AGO,Energy use (kg of oil equivalent per capita),EG.USE.PCAP.KG.OE,,,,,,,,,,,,,,,,,,,,,,,,,,,,,,,506.0989068,501.1013959,487.6652633,489.171805,480.0419345,462.9013091,461.9724302,456.9387549,441.4421135,448.2603893,444.6020702,447.5320652,451.4249321,468.0464384,455.9567203,415.6993264,446.8187751,471.6923918,497.7435916,530.4478505,513.0093641,511.9963822,557.5769584,538.4945934,473.6146615,543.360924,487.9489735,481.0003578,428.6399101,444.1834636,423.4905038,430.7465695,437.5685438,448.8709034,,,Sub-Saharan Africa
Albania,ALB,Energy use (kg of oil equivalent per capita),EG.USE.PCAP.KG.OE,,,,,,,,,,,,,,,,,,,,,,,,,,,,,,,813.3738013,572.7552077,418.2732089,412.3518244,441.3480096,417.0346111,447.8389305,384.5849541,426.8189067,576.9742691,581.374749,598.2283171,661.1179516,649.3578811,716.6231459,721.0774074,707.8906065,680.9481662,712.287869,734.0578099,731.0533975,766.8946175,699.4448977,826.0183849,844.59008,803.9874481,840.6193636,894.4663996,904.7397747,908.3172527,855.1855942,914.7329255,884.5722153,888.4638557,,,Europe & Central Asia
Andorra,AND,Energy use (kg of oil equivalent per capita),EG.USE.PCAP.KG.OE,,,,,,,,,,,,,,,,,,,,,,,,,,,,,,,,,,,,,,,,,,,,,,,,,,,,,,,,,,,,,,,,,,,Europe & Central Asia
Arab World,ARB,Energy use (kg of oil equivalent per capita),EG.USE.PCAP.KG.OE,,,,,,,,,,,,,,,,,,,,,,,,,,,,,,,1094.419348,1108.517851,1192.658196,1235.398181,1273.884981,1271.628481,1286.574908,1306.908821,1301.933395,1283.122332,1309.460488,1385.815899,1424.195331,1410.036274,1434.801955,1502.790598,1543.338842,1573.213214,1648.779036,1688.759843,1749.862796,1758.99869,1794.701254,1767.283204,1825.454917,1827.001046,1835.668586,1848.35459,1824.510047,1804.372762,1678.510118,1733.387222,1769.424328,1802.871984,,,
United Arab Emirates,ARE,Energy use (kg of oil equivalent per capita),EG.USE.PCAP.KG.OE,,,,,,,,,,,,,,,,,,,,,,,,,,,,,,,10740.84292,11690.09702,10562.89944,10572.66983,11178.39848,11360.90147,11250.16912,10941.74652,10375.28599,9839.144035,8956.949299,11703.2751,10866.25188,10102.21686,9441.127157,9535.075506,9239.041446,8929.127324,9425.055328,9445.23902,8849.862878,8498.198792,8466.346028,8654.485493,9398.400395,9973.982875,10191.61847,8378.97734,8363.009285,8736.636094,8105.438129,8500.464106,8303.276671,9139.542304,,,Middle East & North Africa
Argentina,ARG,Energy use (kg of oil equivalent per capita),EG.USE.PCAP.KG.OE,,,,,,,,,,,,,,,,,,,,,,,,,,,,,,,1351.482776,1385.38307,1407.276754,1432.607503,1530.527608,1507.198475,1534.091776,1567.394448,1648.112636,1666.818622,1643.32132,1518.567373,1484.257019,1590.617211,1740.908903,1712.432035,1784.016698,1845.914228,1889.409238,1722.744029,1826.051124,1865.257361,1897.609839,1928.549229,1911.617277,1919.758592,1889.870189,1874.829637,1806.776235,1777.415077,1623.924508,1741.513772,1808.760213,1763.508797,1736.702497,,Latin America & Caribbean
Armenia,ARM,Energy use (kg of oil equivalent per capita),EG.USE.PCAP.KG.OE,,,,,,,,,,,,,,,,,,,,,,,,,,,,,,,2170.259047,2248.450364,1156.528545,634.9384016,409.7622515,497.3072227,543.2489632,573.5984981,591.1143768,578.924653,625.5032273,624.5554713,586.4406484,622.5828814,661.9296799,798.5441805,818.2749974,918.1816125,973.2171452,851.3383877,815.627987,896.9480238,982.4424153,959.8016823,1045.975114,1084.520629,1043.097972,1105.96697,1072.336825,1163.092847,1233.304559,1271.528056,1347.590557,1300.305327,,,Europe & Central Asia
American Samoa,ASM,Energy use (kg of oil equivalent per capita),EG.USE.PCAP.KG.OE,,,,,,,,,,,,,,,,,,,,,,,,,,,,,,,,,,,,,,,,,,,,,,,,,,,,,,,,,,,,,,,,,,,East Asia & Pacific
Antigua and Barbuda,ATG,Energy use (kg of oil equivalent per capita),EG.USE.PCAP.KG.OE,,,,,,,,,,,,,,,,,,,,,,,,,,,,,,,1567.048996,,,,,,,,,,,,,,1714.96081,1720.867719,1774.105503,1786.938216,,,,,,,,,,,,,,,,,,,Latin America & Caribbean
Australia,AUS,Energy use (kg of oil equivalent per capita),EG.USE.PCAP.KG.OE,,,,,,,,,,,,,,,,,,,,,,,,,,,,,,,5047.638803,4925.057356,4960.574435,5171.292761,5127.433887,5138.24234,5429.944199,5497.646392,5584.827875,5644.579878,5681.228859,5486.394559,5480.234643,5615.576756,5652.130379,5624.495613,5775.116752,5853.764132,5951.192915,5843.933129,5762.943566,5698.655973,5533.722338,5533.381464,5407.438226,5318.666793,5216.988672,5162.458943,5086.373785,5231.57466,5159.036384,5006.443065,4942.163722,4927.648948,4750.158436,,East Asia & Pacific
Austria,AUT,Energy use (kg of oil equivalent per capita),EG.USE.PCAP.KG.OE,,,,,,,,,,,,,,,,,,,,,,,,,,,,,,,3240.45367,3415.50429,3245.896382,3256.116781,3234.793928,3374.076116,3580.793201,3550.913985,3607.006791,3592.171968,3570.948532,3758.793163,3771.719492,3956.938946,3974.506368,4084.352619,4105.07525,4010.095149,4027.905566,3819.499869,4065.041896,3927.582565,3899.164842,3924.821354,3750.344801,3795.510374,3797.168022,3839.948052,3717.625321,3765.980119,3546.504499,3728.133989,3486.729433,3308.71167,3242.207985,,Europe & Central Asia
Azerbaijan,AZE,Energy use (kg of oil equivalent per capita),EG.USE.PCAP.KG.OE,,,,,,,,,,,,,,,,,,,,,,,,,,,,,,,3158.922728,3088.31328,2464.933138,2175.617533,1948.059775,1809.449159,1513.854705,1444.490131,1485.308771,1369.282409,1403.598747,1411.214349,1414.776025,1476.841024,1539.500039,1600.227803,1559.849176,1459.388982,1587.24837,1391.330992,1305.912093,1396.044781,1497.294867,1497.902575,1526.158779,1510.918569,1480.934283,1478.784184,1471.370276,1587.784776,1536.830563,1623.829324,1714.03726,1732.197395,,,Europe & Central Asia
Burundi,BDI,Energy use (kg of oil equivalent per capita),EG.USE.PCAP.KG.OE,,,,,,,,,,,,,,,,,,,,,,,,,,,,,,,,,,,,,,,,,,,,,,,,,,,,,,,,,,,,,,,,,,,Sub-Saharan Africa
Belgium,BEL,Energy use (kg of oil equivalent per capita),EG.USE.PCAP.KG.OE,,,,,,,,,,,,,,,,,,,,,,,,,,,,,,,4804.346185,5002.449223,5042.294019,4897.976593,5185.933735,5261.809354,5527.625869,5533.739283,5620.646078,5610.798821,5662.981747,5606.172983,5397.648178,5609.482714,5615.40613,5549.637609,5445.565471,5302.04533,5425.006832,5161.342273,5510.368422,5063.167396,4822.688802,5000.346171,4701.257716,4661.663762,4904.157708,4863.632802,4660.206929,4775.957475,4386.430508,4823.583422,4368.445626,4051.074091,4077.829114,,Europe & Central Asia
Benin,BEN,Energy use (kg of oil equivalent per capita),EG.USE.PCAP.KG.OE,,,,,,,,,,,,,,,,,,,,,,,,,,,,,,,314.6094368,309.7098638,307.6980079,301.2626709,296.5110317,296.6791286,336.5402984,339.0059556,324.2533102,327.9432909,274.5814364,283.2302734,294.7241458,301.4991517,305.2795363,296.6474299,339.2709728,358.1233736,355.1915688,361.6537177,363.7435748,352.901249,346.2208221,366.7430878,367.294185,379.4920267,409.0388211,412.3043521,423.2833238,414.5436411,426.1854787,376.0552953,375.8209836,394.5746371,,,Sub-Saharan Africa
Burkina Faso,BFA,Energy use (kg of oil equivalent per capita),EG.USE.PCAP.KG.OE,,,,,,,,,,,,,,,,,,,,,,,,,,,,,,,172.6930311,173.9334034,174.2391702,176.2967203,173.3790629,173.2765626,162.0265325,162.1318587,160.958601,120.2944782,122.8763316,138.8084043,140.3666602,145.4122029,149.2020255,152.4540653,160.0519471,167.380497,168.8003109,171.4498883,227.9390251,235.6749139,249.0732177,258.2391548,264.9682476,279.2377898,271.637811,285.3378108,300.0408169,302.8240648,314.3617213,310.286657,312.969408,325.9439031,,,Sub-Saharan Africa
Bangladesh,BGD,Energy use (kg of oil equivalent per capita),EG.USE.PCAP.KG.OE,,,,,,,,,,,,,,,,,,,,,,,,,,,,,,,114.3319784,110.5538883,114.4281952,117.0942221,121.5771697,128.9220411,127.6512056,130.7631659,132.2760868,134.8520072,135.9828292,148.2995439,148.0231378,153.2052748,154.2779945,159.8602591,168.3589318,174.0454121,180.5939535,187.6926023,195.6230713,200.3322835,208.0798158,216.7376704,223.0018644,237.2008045,256.2378277,264.090549,261.2711566,277.9502967,278.6386646,298.5303498,308.2763026,287.7531374,,,South Asia
Bulgaria,BGR,Energy use (kg of oil equivalent per capita),EG.USE.PCAP.KG.OE,,,,,,,,,,,,,,,,,,,,,,,,,,,,,,,3216.707601,2593.622798,2394.69457,2588.557466,2518.113254,2745.160223,2745.502597,2505.671804,2437.147534,2230.758767,2276.852166,2419.771111,2410.069245,2489.508188,2439.636737,2599.191734,2696.782642,2665.005118,2647.462081,2337.239452,2393.891423,2592.516177,2493.07808,2353.307613,2499.706975,2637.503535,2606.610534,2732.222441,2764.275131,2771.124203,2664.55153,2918.916414,2968.656634,2604.191045,,,Europe & Central Asia
Bahrain,BHR,Energy use (kg of oil equivalent per capita),EG.USE.PCAP.KG.OE,,,,,,,,,,,,,,,,,,,,,,,,,,,,,,,10576.13752,10671.7945,11504.984,11627.98539,12068.56989,11537.60057,11566.16349,12331.24573,12558.24384,12575.78614,12833.27212,12648.08851,12214.68658,11894.94847,11271.21389,11975.42824,11582.02057,11533.99347,11593.79717,10432.89675,10317.976,10624.38722,9996.521962,11219.43393,10257.02534,10405.63907,9878.66505,9444.423939,9533.855383,10388.18902,10833.63236,10665.62873,10178.18413,10511.61297,,,Middle East & North Africa
"Bahamas, The",BHS,Energy use (kg of oil equivalent per capita),EG.USE.PCAP.KG.OE,,,,,,,,,,,,,,,,,,,,,,,,,,,,,,,2338.572335,,,,,,,,,,,,,,1954.19416,2023.879451,2026.551848,2006.599988,,,,,,,,,,,,,,,,,,,Latin America & Caribbean
Bosnia and Herzegovina,BIH,Energy use (kg of oil equivalent per capita),EG.USE.PCAP.KG.OE,,,,,,,,,,,,,,,,,,,,,,,,,,,,,,,1577.483381,1416.829001,1050.616781,949.2891189,385.2078108,402.1387224,450.3577235,670.543669,818.9031874,802.3299472,1044.830328,1004.95066,1052.107688,1052.768156,1161.362258,1230.3223,1304.394554,1321.601297,1510.20925,1602.531751,1700.483733,1909.670286,1821.212221,1787.392464,1682.312878,1755.043771,1945.254758,1966.742964,2205.400194,2157.71633,2152.730189,2267.260889,2270.726376,2171.048191,,,Europe & Central Asia
Belarus,BLR,Energy use (kg of oil equivalent per capita),EG.USE.PCAP.KG.OE,,,,,,,,,,,,,,,,,,,,,,,,,,,,,,,4457.43794,4341.556997,3619.908214,3078.216141,2618.946154,2431.099781,2506.796377,2511.702849,2472.955755,2419.748191,2471.644249,2496.018115,2560.501258,2652.439814,2760.116261,2776.998471,2974.245534,2925.852884,2939.405974,2789.003141,2895.61081,3081.680181,3219.426534,2870.325803,2923.576821,2660.140268,2639.094863,2692.583449,2849.294773,2748.968837,2673.865486,2929.167501,2862.489623,2856.481276,,,Europe & Central Asia
Belize,BLZ,Energy use (kg of oil equivalent per capita),EG.USE.PCAP.KG.OE,,,,,,,,,,,,,,,,,,,,,,,,,,,,,,,580.1852782,,,,,,,,,,,,,,570.5073467,575.5529419,597.4753194,601.1482607,,,,,,,,,,,,,,,,,,,Latin America & Caribbean
Bermuda,BMU,Energy use (kg of oil equivalent per capita),EG.USE.PCAP.KG.OE,,,,,,,,,,,,,,,,,,,,,,,,,,,,,,,,,,,,,,,,,,,,,,,,,,,,,,,,,,,,,,,,,,,North America
Bolivia,BOL,Energy use (kg of oil equivalent per capita),EG.USE.PCAP.KG.OE,,,,,,,,,,,,,,,,,,,,,,,,,,,,,,,360.6635205,363.5201786,377.2340874,396.453819,430.2199735,474.6176973,520.9435579,560.0607157,557.8897608,536.5488373,424.5001682,444.5702114,520.0246006,524.195847,523.1947735,567.4990878,568.3749751,570.3424867,572.2685669,586.2938244,625.5078111,660.4091653,703.7747583,699.381562,757.5801561,748.8989772,779.0100938,800.9323965,803.1673234,795.5877668,657.7899384,757.8971806,799.6617657,847.3067146,,,Latin America & Caribbean
Brazil,BRA,Energy use (kg of oil equivalent per capita),EG.USE.PCAP.KG.OE,,,,,,,,,,,,,,,,,,,,,,,,,,,,,,,942.3171822,943.2635457,937.4314628,945.4891018,980.074665,998.7773747,1035.825554,1072.294614,1082.218104,1091.294959,1081.361934,1086.992993,1103.401279,1107.973916,1157.169056,1173.715857,1202.059339,1259.91136,1317.235784,1262.100438,1384.368967,1390.007836,1433.153064,1487.457458,1522.42189,1482.020579,1414.897931,1431.959497,1403.402325,1415.83477,1379.246499,1430.393466,1432.727411,1481.224399,1511.623831,,Latin America & Caribbean
Barbados,BRB,Energy use (kg of oil equivalent per capita),EG.USE.PCAP.KG.OE,,,,,,,,,,,,,,,,,,,,,,,,,,,,,,,1245.207787,,,,,,,,,,,,,,1402.928567,1451.400415,1474.063155,1478.133939,,,,,,,,,,,,,,,,,,,Latin America & Caribbean
Brunei Darussalam,BRN,Energy use (kg of oil equivalent per capita),EG.USE.PCAP.KG.OE,,,,,,,,,,,,,,,,,,,,,,,,,,,,,,,6766.202658,7438.262038,7783.232736,7299.532663,6603.066579,7718.414711,7585.308657,7652.680694,7448.312776,7427.447777,7306.508055,6624.445702,6344.709536,7227.934615,6509.413757,6180.901861,8644.256134,8703.66547,9379.395471,7906.164503,8261.092769,9699.300252,9446.072907,7399.888507,8529.793038,6437.002474,7008.28172,8385.25859,8304.042428,9219.803393,9175.892572,8962.623256,9894.819499,8658.006976,,,East Asia & Pacific
Bhutan,BTN,Energy use (kg of oil equivalent per capita),EG.USE.PCAP.KG.OE,,,,,,,,,,,,,,,,,,,,,,,,,,,,,,,94.9875833,,,,,,,,,,,,,,276.6915074,308.2199542,314.5502602,359.5420848,,,,,,,,,,,,,,,,,,,South Asia
Botswana,BWA,Energy use (kg of oil equivalent per capita),EG.USE.PCAP.KG.OE,,,,,,,,,,,,,,,,,,,,,,,,,,,,,,,933.1061125,924.8328096,1036.202951,1009.967227,967.997723,965.6867953,919.406031,942.699774,1040.821176,1060.655181,1076.298946,1065.315074,1070.982633,1046.962324,1075.843124,1096.311048,1108.594818,1124.094782,1163.785349,1061.940993,1140.277106,1086.796719,1189.349187,1200.29803,1330.945096,1285.412756,1245.842468,1315.801073,1305.313024,1202.882218,1120.172833,1149.114199,1286.467237,1249.830805,,,Sub-Saharan Africa
Central African Republic,CAF,Energy use (kg of oil equivalent per capita),EG.USE.PCAP.KG.OE,,,,,,,,,,,,,,,,,,,,,,,,,,,,,,,,,,,,,,,,,,,,,,,,,,,,,,,,,,,,,,,,,,,Sub-Saharan Africa
Canada,CAN,Energy use (kg of oil equivalent per capita),EG.USE.PCAP.KG.OE,,,,,,,,,,,,,,,,,,,,,,,,,,,,,,,7641.548767,7529.002978,7616.9732,7782.928974,7971.058248,7995.237107,8070.954005,8069.49924,7963.207198,8117.62872,8224.747864,8017.166666,7943.445887,8303.431879,8371.022319,8369.959296,8427.441742,8356.306363,8098.352894,7696.334073,7660.754521,7716.248228,7637.784872,7668.794663,7780.147593,7690.408166,7944.507893,8175.190376,8161.779675,8125.581213,7495.079323,7524.863612,7578.020936,7336.067035,7156.115044,,North America
Central Europe and the Baltics,CEB,Energy use (kg of oil equivalent per capita),EG.USE.PCAP.KG.OE,,,,,,,,,,,,,,,,,,,,,,,,,,,,,,,3096.329379,2844.622517,2619.828758,2612.60198,2507.847534,2613.55098,2702.897575,2643.579912,2521.976595,2398.705182,2381.778988,2463.924324,2488.202795,2575.756897,2585.057077,2629.4975,2703.242413,2711.304395,2714.572327,2531.743406,2657.481974,2658.754359,2585.095984,2544.199635,2486.691102,2528.220063,2589.299031,2707.96339,2762.102724,2699.506608,2621.636005,2806.975464,2683.157095,2527.170729,2776.306861,,
Switzerland,CHE,Energy use (kg of oil equivalent per capita),EG.USE.PCAP.KG.OE,,,,,,,,,,,,,,,,,,,,,,,,,,,,,,,3617.216708,3623.746543,3606.208401,3479.209439,3482.935604,3405.684781,3459.890617,3513.126397,3544.344954,3533.479413,3466.506132,3658.066499,3537.537503,3524.60536,3513.042268,3469.416643,3600.205991,3391.34093,3480.202559,3460.611444,3323.412185,3181.066878,3175.970902,3274.499481,3031.174477,2927.960153,2819.830959,2809.479457,2806.499156,2857.158192,2690.390233,2619.805561,2591.92141,2511.371542,2491.512255,,Europe & Central Asia
Channel Islands,CHI,Energy use (kg of oil equivalent per capita),EG.USE.PCAP.KG.OE,,,,,,,,,,,,,,,,,,,,,,,,,,,,,,,,,,,,,,,,,,,,,,,,,,,,,,,,,,,,,,,,,,,
Chile,CHL,Energy use (kg of oil equivalent per capita),EG.USE.PCAP.KG.OE,,,,,,,,,,,,,,,,,,,,,,,,,,,,,,,1042.639247,1048.546851,1115.744498,1125.827606,1192.357923,1262.61938,1378.906843,1523.53565,1557.211311,1633.863389,1623.480127,1574.844759,1612.431302,1612.229536,1699.732407,1735.088744,1788.474426,1836.956205,1801.282882,1735.838952,1795.68173,1937.323396,2123.49179,2177.504919,1946.211817,1968.302862,2070.469582,2065.975717,2067.976474,2154.354519,1946.167606,2032.981204,2081.997512,2059.276162,2029.032995,,Latin America & Caribbean
China,CHN,Energy use (kg of oil equivalent per capita),EG.USE.PCAP.KG.OE,,,,,,,,,,,,,,,,,,,,,,,,,,,,,,,773.2501167,740.5861205,756.6351465,792.6335094,821.2737503,872.82633,884.8941606,876.4893447,872.4059871,880.7385788,898.0750045,921.5064365,976.1593368,1105.137424,1249.044153,1369.791971,1490.186479,1595.466068,1629.977542,1728.616452,1899.799961,2027.465254,2085.218721,2137.325727,2177.550114,2175.154449,2149.20475,2215.91139,2310.877571,2397.968689,2465.969546,2623.799594,2676.48201,2850.941529,,,East Asia & Pacific
Cote d'Ivoire,CIV,Energy use (kg of oil equivalent per capita),EG.USE.PCAP.KG.OE,,,,,,,,,,,,,,,,,,,,,,,,,,,,,,,356.5021173,352.4613691,369.3646952,367.602465,362.1456018,346.9846295,374.9442886,368.1643904,353.6418076,408.1205877,383.6985117,359.2743504,374.2174105,345.0635326,474.6445121,479.3673421,460.4270685,484.1628802,475.6859683,426.3396768,369.5929892,412.2029962,442.1845533,446.3098013,438.7187731,383.8890107,391.6555834,392.5888243,358.5492288,376.7432129,385.9009119,475.7701142,483.8949182,483.5039228,,,Sub-Saharan Africa
Cameroon,CMR,Energy use (kg of oil equivalent per capita),EG.USE.PCAP.KG.OE,,,,,,,,,,,,,,,,,,,,,,,,,,,,,,,439.6060626,431.11357,423.4904081,425.8558034,428.4332156,424.113046,423.0488802,426.6007535,427.3467338,419.3665986,425.8394733,419.6682483,429.5026481,435.1470806,437.0823655,428.5395941,385.0351531,352.8005789,345.8728652,363.5450922,356.1376127,363.156707,368.6746183,375.3716159,395.064506,402.8199242,399.8833731,392.8663724,392.3517177,387.3857003,386.8610608,378.0030301,374.1146205,370.7182091,,,Sub-Saharan Africa
"Congo, Dem. Rep.",COD,Energy use (kg of oil equivalent per capita),EG.USE.PCAP.KG.OE,,,,,,,,,,,,,,,,,,,,,,,,,,,,,,,321.6698662,311.5163551,306.6761803,301.8318401,288.9199358,288.9230026,293.054191,293.4526191,292.5798606,283.6980945,275.3879918,275.7620661,276.7772591,278.852305,281.5702445,283.637336,285.4546936,287.0413196,288.8061861,288.4163351,289.7738416,297.4454244,355.4399564,357.441615,359.3680908,358.5432602,355.0677223,344.2710769,336.6430682,330.7319099,370.5032665,393.9491736,417.9689036,409.4335715,,,Sub-Saharan Africa
"Congo, Rep.",COG,Energy use (kg of oil equivalent per capita),EG.USE.PCAP.KG.OE,,,,,,,,,,,,,,,,,,,,,,,,,,,,,,,330.7438158,335.6597428,322.3492695,314.902577,263.6634451,292.673986,268.2510175,251.2716046,246.025608,235.7451024,225.6623038,243.3098741,239.2400086,274.5538383,283.38196,293.78928,369.707983,316.0585933,327.7868404,359.4053552,402.9660405,456.0986242,602.514716,493.8260776,543.843526,572.2558354,583.8455657,552.5180282,486.7812457,553.0783532,565.3874182,581.8181545,592.0466258,576.0492272,,,Sub-Saharan Africa
Colombia,COL,Energy use (kg of oil equivalent per capita),EG.USE.PCAP.KG.OE,,,,,,,,,,,,,,,,,,,,,,,,,,,,,,,758.5940115,751.9029383,764.278378,780.6258262,798.1937203,794.9670976,797.7474675,762.0087126,773.1085346,684.0451597,674.789373,663.4577831,640.5343975,644.2137901,638.2568746,659.0175128,685.3914316,671.9740108,698.4986351,721.7237996,708.4621189,718.5391258,690.2239371,890.9950337,896.819738,899.7464055,923.3806461,870.7645988,829.4344957,899.5526475,814.0277173,880.4662043,863.7632207,872.6333947,840.6427258,,Latin America & Caribbean
Comoros,COM,Energy use (kg of oil equivalent per capita),EG.USE.PCAP.KG.OE,,,,,,,,,,,,,,,,,,,,,,,,,,,,,,,40.14156639,,,,,,,,,,,,,,58.54962253,62.42860783,69.44984151,66.45843025,,,,,,,,,,,,,,,,,,,Sub-Saharan Africa
Cabo Verde,CPV,Energy use (kg of oil equivalent per capita),EG.USE.PCAP.KG.OE,,,,,,,,,,,,,,,,,,,,,,,,,,,,,,,77.36802263,,,,,,,,,,,,,,185.6603459,204.0753223,207.854453,207.5817731,,,,,,,,,,,,,,,,,,,Sub-Saharan Africa
Costa Rica,CRI,Energy use (kg of oil equivalent per capita),EG.USE.PCAP.KG.OE,,,,,,,,,,,,,,,,,,,,,,,,,,,,,,,537.2090434,555.7598257,699.7475024,696.3726722,669.4577134,666.8975113,654.2862515,647.7216665,630.1811299,680.662082,729.7656437,721.2240525,749.3717083,788.0594664,921.9166661,908.9197181,974.3438387,1014.830382,1006.227857,1002.153696,998.6945305,992.8421973,1017.654625,1060.106448,1064.117834,1024.451445,1001.150935,972.7527405,950.3072263,996.6736063,948.9796592,996.5939476,1009.21523,1025.149357,1024.25715,,Latin America & Caribbean
Caribbean small states,CSS,Energy use (kg of oil equivalent per capita),EG.USE.PCAP.KG.OE,,,,,,,,,,,,,,,,,,,,,,,,,,,,,,,2378.965919,,,,,,,,,,,,,,4055.218344,4689.430009,5122.885648,5373.670675,,,,,,,,,,,,,,,,,,,
Cuba,CUB,Energy use (kg of oil equivalent per capita),EG.USE.PCAP.KG.OE,,,,,,,,,,,,,,,,,,,,,,,,,,,,,,,1518.54002,1232.776378,1070.773926,899.4975519,923.0763954,924.54675,1009.026034,1033.337205,973.421457,1013.311573,1076.535339,1048.457627,970.8465117,963.2156062,936.6494499,897.369156,910.003385,871.1179408,928.4663642,900.4555724,977.3912858,948.0272256,968.1466307,919.5346538,938.1120977,958.5026523,941.5995877,904.8252061,858.7937638,854.4694562,805.861388,791.9741435,775.7694129,775.8313816,,,Latin America & Caribbean
Curacao,CUW,Energy use (kg of oil equivalent per capita),EG.USE.PCAP.KG.OE,,,,,,,,,,,,,,,,,,,,,,,,,,,,,,,8608.308368,8445.111106,8742.126271,7308.602669,6924.929118,7004.153985,7201.161501,13869.72446,16413.46383,12084.99116,12904.03051,13895.02805,13575.05392,12520.04704,13073.94367,12034.94743,11384.15517,12940.08361,12036.43823,12565.8711,10596.70564,11603.97296,12146.76682,11489.04941,12914.70459,13195.6386,10944.51065,8702.833192,7630.099277,3776.999821,3167.109923,3492.206646,3675.199349,3589.159438,,,Latin America & Caribbean
Cayman Islands,CYM,Energy use (kg of oil equivalent per capita),EG.USE.PCAP.KG.OE,,,,,,,,,,,,,,,,,,,,,,,,,,,,,,,,,,,,,,,,,,,,,,,,,,,,,,,,,,,,,,,,,,,Latin America & Caribbean
Cyprus,CYP,Energy use (kg of oil equivalent per capita),EG.USE.PCAP.KG.OE,,,,,,,,,,,,,,,,,,,,,,,,,,,,,,,1740.284105,1749.138183,1945.450688,2049.3638,2292.58038,1974.096172,2153.273262,2065.654254,2170.967828,2142.096572,2264.918637,2202.31996,2193.914817,2345.28181,2162.853281,2161.540024,2209.332132,2293.754587,2399.216627,2311.552194,2192.467489,2093.440297,1936.165161,1646.32679,1659.578133,1677.402482,1761.874429,1794.017322,1773.614564,1758.054571,1638.571911,1666.21661,1682.704925,1672.785754,,,Europe & Central Asia
Czechia,CZE,Energy use (kg of oil equivalent per capita),EG.USE.PCAP.KG.OE,,,,,,,,,,,,,,,,,,,,,,,,,,,,,,,4819.655849,4387.263674,4268.645387,4130.598338,3986.817227,4042.611186,4173.39126,4210.1849,4077.819932,3809.012185,4021.618482,4141.002675,4201.38476,4387.209169,4486.66999,4431.368959,4519.456976,4485.479791,4360.027704,4077.696631,4308.571184,4144.398953,4109.544623,4110.991728,3984.154061,3982.188363,3927.725159,4089.513413,4081.418687,4002.246117,3764.471612,4056.317001,3895.629289,3509.348049,3416.317652,,Europe & Central Asia
Germany,DEU,Energy use (kg of oil equivalent per capita),EG.USE.PCAP.KG.OE,,,,,,,,,,,,,,,,,,,,,,,,,,,,,,,4421.752984,4303.211104,4191.077173,4123.064293,4089.207111,4119.892343,4247.280416,4203.572282,4177.538626,4080.116155,4094.279015,4210.000801,4108.617295,4096.477943,4131.610837,4109.880586,4235.938766,4023.739359,4081.879987,3821.625006,4029.830858,3891.871754,3913.439204,3986.185052,3794.447203,3780.850276,3765.217999,3763.194042,3659.229245,3570.881593,3349.199314,3467.03057,3261.856408,2928.196587,2824.590061,,Europe & Central Asia
Djibouti,DJI,Energy use (kg of oil equivalent per capita),EG.USE.PCAP.KG.OE,,,,,,,,,,,,,,,,,,,,,,,,,,,,,,,224.4143576,,,,,,,,,,,,,,160.9927807,165.6404506,167.102145,163.5167771,,,,,,,,,,,,,,,,,,,Sub-Saharan Africa
Dominica,DMA,Energy use (kg of oil equivalent per capita),EG.USE.PCAP.KG.OE,,,,,,,,,,,,,,,,,,,,,,,,,,,,,,,304.0716102,,,,,,,,,,,,,,568.1073286,596.5024588,610.4118827,624.5733293,,,,,,,,,,,,,,,,,,,Latin America & Caribbean
Denmark,DNK,Energy use (kg of oil equivalent per capita),EG.USE.PCAP.KG.OE,,,,,,,,,,,,,,,,,,,,,,,,,,,,,,,3375.493331,3735.641541,3562.821458,3646.520898,3761.110167,3707.41093,4172.129416,3849.849903,3773.460759,3604.169011,3491.171686,3586.448229,3536.239746,3729.383144,3598.353129,3484.59359,3729.69718,3626.532246,3502.694553,3359.266725,3498.022256,3218.553174,3072.087221,3075.551428,2881.052507,2847.987911,2891.026883,2896.570676,2870.416286,2757.249865,2637.043006,2756.122648,2580.543192,2482.856671,2502.218818,,Europe & Central Asia
Dominican Republic,DOM,Energy use (kg of oil equivalent per capita),EG.USE.PCAP.KG.OE,,,,,,,,,,,,,,,,,,,,,,,,,,,,,,,561.1529195,554.1041914,602.3203014,572.2875207,644.9094107,664.7740165,681.3605444,747.2263773,780.8713493,797.5633307,856.2563861,819.6530737,882.2007938,783.89237,749.3869059,772.0377115,792.6097043,812.2797114,772.574772,743.5873877,773.4042549,780.0827495,791.4299466,762.3559203,745.7862129,797.9231707,842.6382492,824.3965716,860.8644316,927.8821708,862.9222811,954.9218476,960.9335515,1011.623935,,,Latin America & Caribbean
Algeria,DZA,Energy use (kg of oil equivalent per capita),EG.USE.PCAP.KG.OE,,,,,,,,,,,,,,,,,,,,,,,,,,,,,,,874.3984462,903.1291284,902.2205014,883.9209009,833.3588867,851.7026458,808.6854209,813.381549,828.4857857,872.1990588,873.6577871,863.4983253,911.4405576,955.8484835,954.2984093,979.3264578,1032.638668,1077.661892,1070.72807,1147.306006,1151.138897,1174.268065,1258.837185,1273.722427,1358.047878,1414.497021,1371.202077,1380.346818,1442.302112,1463.509857,1373.678321,1451.445177,1499.51,1503.414066,,,Middle East & North Africa
East Asia & Pacific (excluding high income),EAP,Energy use (kg of oil equivalent per capita),EG.USE.PCAP.KG.OE,,,,,,,,,,,,,,,,,,,,,,,,,,,,,,,706.1317424,688.093185,701.3250965,731.8075395,752.6404905,795.9497572,809.4343335,808.1575167,797.0141911,807.6945395,822.7652714,840.1827217,884.5223698,978.0296889,1087.317741,1175.190319,1257.916896,1330.146197,1359.23128,1427.309706,1550.298829,1632.547712,1676.907637,1721.141563,1753.084496,1744.611596,1736.643485,1791.002177,1870.610999,1937.108104,1972.743279,2079.091787,2128.395801,2246.318179,,,
Early-demographic dividend,EAR,Energy use (kg of oil equivalent per capita),EG.USE.PCAP.KG.OE,,,,,,,,,,,,,,,,,,,,,,,,,,,,,,,590.8507059,602.7792778,606.8245067,614.5814431,629.4527554,637.9990191,644.9275794,656.366564,660.6836394,675.9347501,672.9485956,668.5685705,679.7000181,691.0379535,711.3746586,728.724809,747.2353992,766.4997376,787.0119421,794.1681698,813.3765497,823.5183776,837.516202,837.0110693,861.8880587,860.7954811,873.6059222,895.0593982,896.2834804,901.3771996,864.133213,912.7546235,933.1840424,954.9506238,,,
East Asia & Pacific,EAS,Energy use (kg of oil equivalent per capita),EG.USE.PCAP.KG.OE,,,,,,,,,,,,,,,,,,,,,,,,,,,,,,,1009.553252,999.1180141,1023.058079,1060.393036,1095.486038,1141.747588,1165.98471,1172.962576,1151.583462,1171.564671,1196.492768,1206.004643,1249.390863,1335.314452,1445.115143,1517.230936,1593.495698,1660.42355,1677.500885,1727.682128,1857.135777,1915.464741,1948.80215,1990.22104,2011.278924,2001.745759,1995.295635,2045.519318,2114.209529,2165.007057,2178.568354,2289.534922,2324.732402,2419.769671,,,
Europe & Central Asia (excluding high income),ECA,Energy use (kg of oil equivalent per capita),EG.USE.PCAP.KG.OE,,,,,,,,,,,,,,,,,,,,,,,,,,,,,,,2841.890329,2761.94759,2456.900363,2209.354835,1958.927783,1893.573563,1822.900639,1779.609824,1756.105462,1713.545074,1740.082436,1699.035,1748.016936,1824.532497,1897.498699,1884.805136,1957.951156,2018.861788,2028.501984,1841.56698,1996.9316,2056.755834,2011.700513,1967.780812,1842.735807,1765.813763,1818.371089,1856.497707,1898.148079,1882.904072,1840.240763,2010.43054,1871.985401,1884.580582,,,
Europe & Central Asia,ECS,Energy use (kg of oil equivalent per capita),EG.USE.PCAP.KG.OE,,,,,,,,,,,,,,,,,,,,,,,,,,,,,,,3749.005085,3712.715969,3492.645153,3371.559598,3185.372207,3194.913149,3232.815434,3168.120199,3156.386965,3152.538476,3177.724916,3220.818814,3222.053037,3308.821022,3342.908151,3344.430633,3389.022799,3360.662963,3368.403115,3147.62764,3308.260571,3270.127317,3246.965945,3190.959029,3075.640224,3049.908643,3086.769348,3131.608984,3162.449288,3085.272019,2947.49557,3181.049886,3039.136835,2931.922099,,,
Ecuador,ECU,Energy use (kg of oil equivalent per capita),EG.USE.PCAP.KG.OE,,,,,,,,,,,,,,,,,,,,,,,,,,,,,,,604.3851854,621.6691115,616.1299738,562.9656922,591.0157391,679.1103636,701.9239639,715.3568535,721.8317191,640.3458221,638.7560542,668.563681,709.3057439,770.2157372,785.5919269,837.8914187,811.0273915,875.4760083,762.8247113,830.3440691,867.4652267,891.3467179,872.1417056,911.67014,983.1690961,937.0350248,885.9089435,900.0972123,859.0065245,904.4176805,785.5014305,886.2519422,907.4253475,949.2738889,,,Latin America & Caribbean
"Egypt, Arab Rep.",EGY,Energy use (kg of oil equivalent per capita),EG.USE.PCAP.KG.OE,,,,,,,,,,,,,,,,,,,,,,,,,,,,,,,575.6278161,560.092442,560.197169,567.6430277,535.5270885,557.7529273,578.9949216,589.7378614,615.9034713,615.245064,569.8813561,634.0951041,636.5261939,647.5398534,692.14136,778.7696403,806.4024892,844.3844213,859.150259,862.4351162,838.1667075,860.0531199,866.2408667,825.1899603,832.7720909,810.8171273,872.5814078,897.2180736,870.8135735,844.7830134,805.2594566,857.8219385,902.4884299,928.3949474,,,Middle East & North Africa
Euro area,EMU,Energy use (kg of oil equivalent per capita),EG.USE.PCAP.KG.OE,,,,,,,,,,,,,,,,,,,,,,,,,,,,,,,3494.760526,3531.015232,3442.268923,3409.681229,3393.75111,3495.310277,3602.216685,3591.091166,3646.014162,3634.373246,3668.050082,3753.118013,3737.270499,3805.451072,3838.510727,3830.762034,3825.966681,3744.724231,3718.264985,3497.603033,3614.341112,3487.543019,3445.549587,3410.916633,3269.305485,3311.388671,3311.434265,3343.858758,3280.871516,3223.633981,2978.614496,3147.594144,2945.123001,2806.741061,2789.625584,,
Eritrea,ERI,Energy use (kg of oil equivalent per capita),EG.USE.PCAP.KG.OE,,,,,,,,,,,,,,,,,,,,,,,,,,,,,,,,,487.8105051,496.3242867,496.4696084,492.6888664,492.0970759,483.9544459,310.659081,317.384681,315.395535,322.6685412,299.8327078,330.9494717,268.6676676,264.1901467,245.3833871,244.4337244,239.259164,244.6779219,248.8949565,258.7609727,262.0630364,260.9361666,266.3580942,272.036486,277.7300977,279.1004925,284.0482434,286.1335207,285.9964064,288.0252877,290.5005311,292.3434297,,,Sub-Saharan Africa
Spain,ESP,Energy use (kg of oil equivalent per capita),EG.USE.PCAP.KG.OE,,,,,,,,,,,,,,,,,,,,,,,,,,,,,,,2317.970176,2398.218049,2430.884372,2319.501585,2435.941273,2537.01655,2489.291228,2634.709932,2756.25615,2878.012366,2991.493065,3048.843845,3095.996868,3145.402393,3226.289429,3239.544365,3190.726277,3168.95971,3015.00799,2749.855489,2735.182573,2684.343189,2677.180386,2506.255405,2458.571777,2552.401252,2563.007044,2690.497333,2666.260797,2573.904425,2303.513116,2422.467047,2408.928115,2293.708146,2303.611164,,Europe & Central Asia
Estonia,EST,Energy use (kg of oil equivalent per capita),EG.USE.PCAP.KG.OE,,,,,,,,,,,,,,,,,,,,,,,,,,,,,,,6818.484473,6339.723731,4195.773212,3639.546167,4108.502045,3917.023228,4153.078017,4070.398891,3790.519579,3543.473057,3377.645509,3589.377473,3375.565153,3680.058508,3952.338212,4015.428326,4006.739626,4690.139703,4142.509477,3360.664489,4419.422683,4311.694918,3984.063448,4435.566864,4226.201211,3695.119191,4579.421117,4444.846671,4282.715133,3661.499254,3368.237307,3427.299681,3559.048932,3089.393339,2708.782766,,Europe & Central Asia
Ethiopia,ETH,Energy use (kg of oil equivalent per capita),EG.USE.PCAP.KG.OE,,,,,,,,,,,,,,,,,,,,,,,,,,,,,,,368.2479867,366.9037308,360.7592933,362.7290695,363.8321928,364.8870071,365.4174271,364.1387744,364.1933488,363.2348946,363.6035505,366.9717809,366.758089,367.6311677,367.7771664,365.389331,366.046139,367.6759466,368.6529133,368.4494356,368.268746,371.3202325,371.6754264,375.8580485,379.9028757,379.7644131,383.271233,381.7464457,384.3538836,385.8476168,379.5681491,372.3432338,378.6355229,382.1756927,,,Sub-Saharan Africa
European Union,EUU,Energy use (kg of oil equivalent per capita),EG.USE.PCAP.KG.OE,,,,,,,,,,,,,,,,,,,,,,,,,,,,,,,3426.494092,3404.540645,3301.479057,3284.309094,3256.61117,3358.303316,3465.23603,3435.422,3448.711692,3408.710306,3426.833087,3513.054347,3509.850081,3580.34477,3610.423763,3610.558489,3625.767326,3560.876991,3539.984061,3325.854014,3455.720129,3352.954448,3305.807249,3267.653971,3143.888233,3176.288384,3193.847442,3244.399055,3209.909302,3149.897465,2933.987184,3109.89331,2922.757713,2780.200915,2821.396657,,
Fragile and conflict affected situations,FCS,Energy use (kg of oil equivalent per capita),EG.USE.PCAP.KG.OE,,,,,,,,,,,,,,,,,,,,,,,,,,,,,,,1018.896917,1005.699631,941.5694808,875.6544246,821.4438538,798.9122747,769.2311253,765.7309993,728.6064697,717.48497,705.5529922,700.8591648,715.7208444,706.2000217,694.4510412,700.2633318,678.378003,667.4860583,661.7612184,619.8969249,677.6008534,661.8524604,643.7688272,637.330701,610.646888,567.3535933,567.1279145,567.0599311,549.7448698,547.2020489,501.4485593,527.5999185,493.6176172,496.1394004,,,
Finland,FIN,Energy use (kg of oil equivalent per capita),EG.USE.PCAP.KG.OE,,,,,,,,,,,,,,,,,,,,,,,,,,,,,,,5691.623438,5742.826718,5381.028473,5617.276771,5972.653013,5662.007423,6070.346634,6277.080959,6319.465835,6284.094683,6257.219121,6405.852723,6722.826136,7072.179141,7128.995671,6555.776473,7106.709789,6968.911345,6654.453631,6255.050516,6812.601995,6522.938693,6265.772289,6138.314056,6246.041536,5921.596817,6120.633015,6070.157508,6165.444024,6024.653666,5739.254453,5996.892993,5683.951022,5866.65174,5613.991708,,Europe & Central Asia
Fiji,FJI,Energy use (kg of oil equivalent per capita),EG.USE.PCAP.KG.OE,,,,,,,,,,,,,,,,,,,,,,,,,,,,,,,369.5852666,,,,,,,,,,,,,,761.6947594,655.0473209,627.8324058,583.6281175,,,,,,,,,,,,,,,,,,,East Asia & Pacific
France,FRA,Energy use (kg of oil equivalent per capita),EG.USE.PCAP.KG.OE,,,,,,,,,,,,,,,,,,,,,,,,,,,,,,,3840.292844,4038.651067,3949.271984,3997.185581,3831.066834,3975.889047,4186.802467,4043.673945,4146.554545,4117.930495,4130.172701,4240.43327,4220.320249,4296.546493,4327.203973,4313.6963,4214.292346,4142.178191,4137.7199,3938.38638,4040.439187,3951.004504,3929.206016,3925.865459,3755.832442,3799.192605,3718.170534,3705.411116,3669.37066,3605.5319,3228.489157,3469.833986,3100.189782,3136.122375,3184.789509,,Europe & Central Asia
Faroe Islands,FRO,Energy use (kg of oil equivalent per capita),EG.USE.PCAP.KG.OE,,,,,,,,,,,,,,,,,,,,,,,,,,,,,,,,,,,,,,,,,,,,,,,,,,,,,,,,,,,,,,,,,,,Europe & Central Asia
"Micronesia, Fed. Sts.",FSM,Energy use (kg of oil equivalent per capita),EG.USE.PCAP.KG.OE,,,,,,,,,,,,,,,,,,,,,,,,,,,,,,,,,,,,,,,,,,,,,,,,,,,,,,,,,,,,,,,,,,,East Asia & Pacific
Gabon,GAB,Energy use (kg of oil equivalent per capita),EG.USE.PCAP.KG.OE,,,,,,,,,,,,,,,,,,,,,,,,,,,,,,,1201.083592,1207.038749,1256.012268,1294.003843,1117.364705,1194.215661,1212.438136,1196.818209,1241.263992,1177.823691,1153.061553,1205.620172,1417.039686,1621.166415,1829.656185,2074.204585,2263.430173,2419.634659,2578.184798,2728.501386,2957.467414,2295.781421,1955.408046,2771.53824,2602.653766,2550.960479,2489.241799,2263.593357,2294.912201,2211.812265,2143.314123,2106.983788,2092.384019,2041.868467,,,Sub-Saharan Africa
United Kingdom,GBR,Energy use (kg of oil equivalent per capita),EG.USE.PCAP.KG.OE,,,,,,,,,,,,,,,,,,,,,,,,,,,,,,,3597.301053,3707.894438,3684.811447,3713.443124,3733.804878,3729.552932,3880.313556,3760.810732,3787.508858,3784.318379,3786.402811,3785.660124,3716.623373,3764.061917,3697.503818,3689.550517,3601.050908,3443.58716,3370.158112,3144.002013,3235.053838,2973.831206,3028.772233,2962.2976,2767.961884,2774.796828,2696.97999,2658.995773,2632.150672,2515.973446,2317.408539,2377.263689,2254.369416,2127.608434,2071.023295,,Europe & Central Asia
Georgia,GEO,Energy use (kg of oil equivalent per capita),EG.USE.PCAP.KG.OE,,,,,,,,,,,,,,,,,,,,,,,,,,,,,,,2585.812725,2079.271597,1776.996808,1548.522508,968.8071471,799.9046008,834.0970421,755.8827652,716.2888597,669.3811045,703.7906883,640.3676242,639.4694306,684.6365773,708.0526136,727.9456481,781.3440208,865.6881246,780.7884909,811.6048838,824.6050831,943.6420901,993.8477224,1118.866167,1193.781898,1259.159979,1300.498944,1312.786103,1301.877288,1371.179347,1327.386445,1425.967856,1543.5838,1530.067121,,,Europe & Central Asia
Ghana,GHA,Energy use (kg of oil equivalent per capita),EG.USE.PCAP.KG.OE,,,,,,,,,,,,,,,,,,,,,,,,,,,,,,,343.7365046,346.8429082,350.413755,358.2086854,363.8785615,371.979573,375.5166491,383.7846881,395.7475128,401.340038,322.1273346,313.1657284,303.7972145,281.2178264,270.1921039,261.8933684,274.13366,263.0254093,276.0237369,274.2686926,296.0995898,302.7763114,328.5201515,323.6711495,321.3547009,325.6040492,327.9304794,351.1139713,378.6574966,380.4211551,392.3730981,382.1918924,361.5628555,369.3312879,,,Sub-Saharan Africa
Gibraltar,GIB,Energy use (kg of oil equivalent per capita),EG.USE.PCAP.KG.OE,,,,,,,,,,,,,,,,,,,,,,,,,,,,,,,2923.227904,3665.535955,4267.199924,4272.226936,4801.645178,4702.412181,4755.715765,4920.318993,5160.453477,5332.891011,5544.252074,4439.76843,4176.863853,4108.886048,4010.015907,3946.776312,3951.441204,4086.632118,4157.597661,4168.160393,4325.489404,4327.290155,4245.370413,4046.973859,3820.020314,3746.066152,3662.379442,3649.121715,3729.268863,4273.709048,3331.81211,3239.434145,3156.329884,3213.502017,,,Europe & Central Asia
Guinea,GIN,Energy use (kg of oil equivalent per capita),EG.USE.PCAP.KG.OE,,,,,,,,,,,,,,,,,,,,,,,,,,,,,,,,,,,,,,,,,,,,,,,,,,,,,,,,,,,,,,,,,,,Sub-Saharan Africa
"Gambia, The",GMB,Energy use (kg of oil equivalent per capita),EG.USE.PCAP.KG.OE,,,,,,,,,,,,,,,,,,,,,,,,,,,,,,,58.58702508,,,,,,,,,,,,,,66.61271859,64.78560464,66.46164609,75.32107733,,,,,,,,,,,,,,,,,,,Sub-Saharan Africa
Guinea-Bissau,GNB,Energy use (kg of oil equivalent per capita),EG.USE.PCAP.KG.OE,,,,,,,,,,,,,,,,,,,,,,,,,,,,,,,76.65296523,,,,,,,,,,,,,,63.72433151,62.9711527,63.59062335,65.47271993,,,,,,,,,,,,,,,,,,,Sub-Saharan Africa
Equatorial Guinea,GNQ,Energy use (kg of oil equivalent per capita),EG.USE.PCAP.KG.OE,,,,,,,,,,,,,,,,,,,,,,,,,,,,,,,280.0537308,271.8343155,261.6797458,258.0325012,252.1145825,246.3449514,255.3492236,277.7984688,288.860728,297.6919663,342.9458101,346.0837659,450.9282371,453.5148515,1539.105667,1487.708302,1434.677264,1526.681474,1468.228471,1443.330624,1408.828931,1508.54494,1488.711787,1727.484584,1526.634623,1370.906776,1554.856561,1338.099955,1413.004559,1275.659437,1116.564506,1295.329676,1278.545212,1271.350422,,,Sub-Saharan Africa
Greece,GRC,Energy use (kg of oil equivalent per capita),EG.USE.PCAP.KG.OE,,,,,,,,,,,,,,,,,,,,,,,,,,,,,,,2102.69488,2094.63547,2129.912269,2090.777681,2138.267112,2147.148732,2206.114056,2284.887139,2392.935109,2393.202283,2512.020039,2583.561281,2603.605623,2672.759822,2717.471004,2758.67496,2748.700869,2737.504718,2749.779263,2654.843234,2487.529189,2413.161298,2408.755765,2133.128359,2128.792317,2148.047079,2109.416567,2148.051564,2089.360442,2058.543384,1839.488189,1924.00172,1957.798721,1874.956231,1921.301691,,Europe & Central Asia
Grenada,GRD,Energy use (kg of oil equivalent per capita),EG.USE.PCAP.KG.OE,,,,,,,,,,,,,,,,,,,,,,,,,,,,,,,424.9266885,,,,,,,,,,,,,,676.893243,719.9227222,735.4610251,732.8857603,,,,,,,,,,,,,,,,,,,Latin America & Caribbean
Greenland,GRL,Energy use (kg of oil equivalent per capita),EG.USE.PCAP.KG.OE,,,,,,,,,,,,,,,,,,,,,,,,,,,,,,,,,,,,,,,,,,,,,,,,,,,,,,,,,,,,,,,,,,,Europe & Central Asia
Guatemala,GTM,Energy use (kg of oil equivalent per capita),EG.USE.PCAP.KG.OE,,,,,,,,,,,,,,,,,,,,,,,,,,,,,,,488.8405268,489.3250607,502.6810683,487.9315966,500.7510097,516.447421,517.245037,527.5384642,559.0495073,600.7673302,615.9592743,617.5991109,691.7724925,690.1524555,695.8072926,696.5325563,686.7669205,720.4160376,686.7415093,721.3306497,714.079474,714.309783,734.0971361,739.0059577,756.3332181,787.3338026,833.6195645,817.7430373,833.8962896,851.6412181,823.8164593,924.2728792,887.900484,934.9309209,,,Latin America & Caribbean
Guam,GUM,Energy use (kg of oil equivalent per capita),EG.USE.PCAP.KG.OE,,,,,,,,,,,,,,,,,,,,,,,,,,,,,,,,,,,,,,,,,,,,,,,,,,,,,,,,,,,,,,,,,,,East Asia & Pacific
Guyana,GUY,Energy use (kg of oil equivalent per capita),EG.USE.PCAP.KG.OE,,,,,,,,,,,,,,,,,,,,,,,,,,,,,,,509.5198521,,,,,,,,,,,,,,628.2642855,650.5334374,658.7910394,660.6232849,,,,,,,,,,,,,,,,,,,Latin America & Caribbean
High income,HIC,Energy use (kg of oil equivalent per capita),EG.USE.PCAP.KG.OE,,,,,,,,,,,,,,,,,,,,,,,,,,,,,,,4708.992458,4711.85049,4660.585195,4658.444648,4626.124429,4670.659134,4764.136981,4746.341948,4730.390418,4793.508246,4879.211883,4867.150218,4883.818609,4939.482117,4997.659046,4999.256026,5006.163207,5005.049115,4945.877696,4710.37107,4876.654468,4792.499866,4744.169832,4735.773526,4693.151543,4665.775796,4660.472774,4676.550031,4721.67663,4651.516342,4375.927576,4618.523325,4562.012344,4430.098102,4178.067806,,
"Hong Kong SAR, China",HKG,Energy use (kg of oil equivalent per capita),EG.USE.PCAP.KG.OE,,,,,,,,,,,,,,,,,,,,,,,,,,,,,,,1643.839246,1703.230353,1994.28603,1817.021879,1856.807803,1781.192663,1697.258872,1588.71002,2006.211361,2391.777827,2121.263334,2078.720201,1934.258296,2027.393863,1823.006666,1864.70664,1899.446802,2045.970326,1985.306536,2043.271702,1922.62412,2037.958456,1944.996819,1907.463408,1904.119992,2030.168829,2081.70252,1868.116582,1896.467058,1866.71307,1647.663141,1669.785128,1565.089101,1517.855674,,,East Asia & Pacific
Honduras,HND,Energy use (kg of oil equivalent per capita),EG.USE.PCAP.KG.OE,,,,,,,,,,,,,,,,,,,,,,,,,,,,,,,477.8272219,468.5326788,474.9568213,471.8432222,476.1213608,492.0578261,480.2927418,510.1738224,533.4315987,470.2498189,456.2448121,478.9469548,488.7026097,517.3497617,546.8656009,529.2973685,563.8159546,589.594179,585.5737288,565.8471971,561.8185075,607.4158059,611.2126929,613.6204947,604.0930432,659.3940734,616.3914054,537.5923822,565.0779163,583.5919114,544.5738557,569.9664706,573.3444451,593.6295508,,,Latin America & Caribbean
Heavily indebted poor countries (HIPC),HPC,Energy use (kg of oil equivalent per capita),EG.USE.PCAP.KG.OE,,,,,,,,,,,,,,,,,,,,,,,,,,,,,,,369.1183986,365.9331649,362.5663008,359.5010979,365.6633535,371.4630631,373.6058789,377.3779036,366.0819706,368.3207035,352.5276168,353.8351041,358.1275179,356.8813193,360.7231504,361.1956298,363.3534553,357.0402793,359.6998207,362.8048166,361.1857587,372.150944,380.8326495,389.5172091,391.6618353,392.0834685,392.227267,388.7784766,387.7716938,389.7805315,390.6325291,399.14577,404.6101146,402.2993676,,,
Croatia,HRV,Energy use (kg of oil equivalent per capita),EG.USE.PCAP.KG.OE,,,,,,,,,,,,,,,,,,,,,,,,,,,,,,,1983.338136,1722.219062,1613.317875,1637.315937,1576.328577,1636.962632,1798.124877,1849.479341,1878.162412,1934.782195,1882.607071,2033.21444,2081.900276,2229.34174,2228.325793,2260.508924,2247.146192,2335.401828,2276.135519,2199.791956,2181.044011,2137.209507,2020.484173,1990.541367,1909.835801,2018.542592,2057.188695,2159.969522,2127.638786,2173.19836,2104.845306,2212.497211,2154.954833,2237.233699,,,Europe & Central Asia
Haiti,HTI,Energy use (kg of oil equivalent per capita),EG.USE.PCAP.KG.OE,,,,,,,,,,,,,,,,,,,,,,,,,,,,,,,344.5968425,338.2072509,331.3587791,323.5825263,300.1761087,332.3198687,338.0446272,352.7389542,348.1261495,350.0484609,362.5081459,349.8719575,357.415271,352.7838411,352.982907,358.4056612,362.8728009,365.1248027,368.5070338,377.427345,388.9955223,402.4839244,408.9291287,415.2388172,400.5004732,400.1478972,408.5721555,408.7762302,418.1299251,406.8708626,391.1844806,397.5611284,370.3172517,323.9712587,,,Latin America & Caribbean
Hungary,HUN,Energy use (kg of oil equivalent per capita),EG.USE.PCAP.KG.OE,,,,,,,,,,,,,,,,,,,,,,,,,,,,,,,2774.667748,2643.106812,2423.389577,2481.577413,2405.834334,2503.258697,2573.194162,2527.501563,2502.426755,2490.940179,2448.353996,2512.919081,2520.397556,2580.496259,2579.604763,2781.005954,2760.462428,2709.843887,2676.908405,2548.81278,2651.343381,2600.717871,2490.185789,2420.169498,2423.514986,2571.150905,2613.093542,2737.453325,2738.82729,2749.241319,2713.179234,2850.705795,2672.867655,2515.370529,2514.144458,,Europe & Central Asia
IBRD only,IBD,Energy use (kg of oil equivalent per capita),EG.USE.PCAP.KG.OE,,,,,,,,,,,,,,,,,,,,,,,,,,,,,,,1062.085238,1040.656294,1006.777051,995.8474911,970.9784172,988.6120928,991.9509853,987.3040697,973.2564398,982.2113223,986.7974212,993.0565494,1016.809267,1073.437652,1139.415089,1188.326243,1241.759726,1289.029977,1316.109562,1326.035654,1410.266022,1459.435414,1488.512877,1504.342889,1520.09338,1502.700864,1506.526183,1540.327274,1581.834877,1606.903007,1585.637163,1688.969519,1713.173079,1770.86294,,,
IDA & IBRD total,IBT,Energy use (kg of oil equivalent per capita),EG.USE.PCAP.KG.OE,,,,,,,,,,,,,,,,,,,,,,,,,,,,,,,937.9027526,920.1296602,889.9898738,879.2286571,857.1269879,867.9685522,870.2346894,865.96449,853.0414404,860.1311621,860.491971,864.5749469,882.2662085,926.0226036,975.7066559,1013.445289,1053.98913,1088.511512,1109.17943,1113.285201,1178.792076,1216.768303,1233.386669,1244.247177,1255.011756,1238.671255,1241.099474,1265.23451,1294.01993,1310.531184,1292.24752,1368.33053,1380.568873,1418.305184,,,
IDA total,IDA,Energy use (kg of oil equivalent per capita),EG.USE.PCAP.KG.OE,,,,,,,,,,,,,,,,,,,,,,,,,,,,,,,392.4475025,391.4734132,384.4185062,380.0117581,375.2098812,368.6972901,372.7380129,375.8942667,373.1503564,378.5240158,371.9836285,373.7286654,374.4132791,376.2115622,378.9283207,383.4918672,386.0122743,384.8348441,384.9344513,377.9101842,388.6493145,398.2659625,388.7347163,390.9347584,393.6092599,388.5174109,396.0012012,399.5240474,399.6270764,401.9786542,405.959435,414.9734748,407.7832248,403.5467598,,,
IDA blend,IDB,Energy use (kg of oil equivalent per capita),EG.USE.PCAP.KG.OE,,,,,,,,,,,,,,,,,,,,,,,,,,,,,,,508.6452292,509.2867348,503.3286864,502.8780892,485.8509986,461.415119,469.213169,469.8216516,466.9847094,477.9339384,468.7834836,466.3620779,465.9413343,464.2264203,470.5827254,471.4673389,468.7565923,465.7447141,458.817484,437.7255834,463.592278,479.1041825,460.610957,457.7327069,458.0716522,445.6858685,455.3916511,455.3731723,448.5939407,452.518256,460.7108043,479.0963136,457.8969425,453.0709939,,,
Indonesia,IDN,Energy use (kg of oil equivalent per capita),EG.USE.PCAP.KG.OE,,,,,,,,,,,,,,,,,,,,,,,,,,,,,,,461.4787497,477.0346654,489.7595473,534.3347691,524.0218582,574.7571879,587.2187521,595.3877914,567.5778179,587.0527433,585.7864958,591.1249448,606.3223058,597.2756151,634.7523883,637.3297583,643.6246566,628.6005162,632.5070702,674.8945424,674.4284429,670.3811873,685.5713088,701.2258402,710.0405909,704.2481784,724.4164827,761.4103916,832.3618617,850.7377257,856.0961954,902.233604,958.6493557,982.4149251,,,East Asia & Pacific
IDA only,IDX,Energy use (kg of oil equivalent per capita),EG.USE.PCAP.KG.OE,,,,,,,,,,,,,,,,,,,,,,,,,,,,,,,322.6031373,319.9467095,312.2948611,305.3639667,307.8559672,313.1218901,314.8269663,319.4101845,316.6019846,318.491396,313.9620428,318.0275966,319.2467031,323.0343142,323.7192126,330.339959,335.884301,335.643634,339.5328625,340.9741488,342.1652575,347.9587818,344.4883465,349.7327934,353.8067718,353.1535739,359.3333427,365.1095949,369.5115629,370.9766001,372.4523949,375.8032738,377.2387684,373.4494397,,,
Isle of Man,IMN,Energy use (kg of oil equivalent per capita),EG.USE.PCAP.KG.OE,,,,,,,,,,,,,,,,,,,,,,,,,,,,,,,,,,,,,,,,,,,,,,,,,,,,,,,,,,,,,,,,,,,
India,IND,Energy use (kg of oil equivalent per capita),EG.USE.PCAP.KG.OE,,,,,,,,,,,,,,,,,,,,,,,,,,,,,,,323.5958307,331.2220873,336.2068186,339.0380333,347.8061822,361.6406733,367.7046509,376.1855921,378.3003907,392.9767318,394.9168031,393.3808862,397.3442529,399.6998971,415.4799565,425.3696425,441.7858867,461.2017383,481.5530274,509.4460001,531.8670661,546.6758902,572.1330855,577.2546216,610.1653718,622.339884,627.273531,648.0147183,668.3033702,666.9773475,632.2398285,676.8142935,727.9022001,763.1978994,,,South Asia
Not classified,INX,Energy use (kg of oil equivalent per capita),EG.USE.PCAP.KG.OE,,,,,,,,,,,,,,,,,,,,,,,,,,,,,,,,,,,,,,,,,,,,,,,,,,,,,,,,,,,,,,,,,,,
Ireland,IRL,Energy use (kg of oil equivalent per capita),EG.USE.PCAP.KG.OE,,,,,,,,,,,,,,,,,,,,,,,,,,,,,,,2820.543498,2828.000131,2775.372096,2813.894878,2941.799425,2952.150189,3122.61178,3256.005829,3417.937549,3544.840508,3627.385426,3714.017945,3663.169121,3515.79432,3558.698011,3513.157019,3433.69085,3407.885589,3311.735212,3173.73356,3149.89842,2875.406755,2858.917356,2802.609644,2726.60528,2825.981206,2932.304153,2854.858205,2820.44138,2747.901581,2633.976912,2689.363337,2600.157406,2467.73734,2467.503391,,Europe & Central Asia
"Iran, Islamic Rep.",IRN,Energy use (kg of oil equivalent per capita),EG.USE.PCAP.KG.OE,,,,,,,,,,,,,,,,,,,,,,,,,,,,,,,1187.74506,1281.453288,1322.50944,1418.828468,1572.392822,1627.534207,1553.034467,1716.87603,1724.62255,1928.769546,1852.32868,1978.897524,2030.522011,2075.205242,2215.265669,2404.722484,2459.985184,2560.858026,2711.040996,2672.022813,2639.536213,2658.7496,2740.804494,2758.634692,2883.561339,2737.217951,2861.013085,3026.762714,2921.43584,3177.856791,3256.876321,3356.96967,3288.173064,3399.104764,,,Middle East & North Africa
Iraq,IRQ,Energy use (kg of oil equivalent per capita),EG.USE.PCAP.KG.OE,,,,,,,,,,,,,,,,,,,,,,,,,,,,,,,1140.068574,898.0690232,1295.431191,1556.868594,1688.17518,1580.679374,1476.755655,1731.618757,1273.209916,959.8458511,1089.273264,1181.995165,1091.287195,939.5176296,980.2494441,949.2534817,916.1790435,909.1336587,962.3018399,995.7798443,1064.171521,1125.373319,1190.032291,1175.832718,1082.719049,998.3495453,1076.457291,1185.881063,1287.113561,1319.495176,1142.907361,1275.913065,1415.173781,1506.048016,,,Middle East & North Africa
Iceland,ISL,Energy use (kg of oil equivalent per capita),EG.USE.PCAP.KG.OE,,,,,,,,,,,,,,,,,,,,,,,,,,,,,,,9058.440536,8191.268096,7916.881861,8380.549832,8446.306883,8405.255963,8991.315747,8777.098664,9291.86511,10353.99859,11404.94359,10925.45139,11168.37142,11092.61784,10892.78401,10877.23019,13184.47716,15188.37773,17341.07262,17936.59575,17024.51309,18161.52411,17633.64828,18212.73365,17947.03823,16910.72123,15701.47301,16234.98296,17346.75027,16700.592,16083.60997,15779.65307,15806.78484,15685.69796,15996.67961,,Europe & Central Asia
Israel,ISR,Energy use (kg of oil equivalent per capita),EG.USE.PCAP.KG.OE,,,,,,,,,,,,,,,,,,,,,,,,,,,,,,,2460.481768,2324.555986,2580.929689,2634.645935,2738.441863,2796.31041,2801.227644,2881.170712,2885.62324,2737.583425,2899.210921,2973.017513,2862.544441,2949.361404,2822.355914,2661.980099,2883.013577,2899.352538,3130.72174,2874.861475,3043.565176,2981.372422,2968.588339,2662.609425,2528.018557,2607.844,2569.217183,2481.516023,2490.06554,2407.975003,2453.627032,2432.550927,2501.420643,2459.625295,2483.552889,,Middle East & North Africa
Italy,ITA,Energy use (kg of oil equivalent per capita),EG.USE.PCAP.KG.OE,,,,,,,,,,,,,,,,,,,,,,,,,,,,,,,2584.078988,2645.873844,2627.540117,2612.194001,2578.662041,2799.594792,2796.38058,2834.636809,2913.200226,2957.586549,3012.483564,3020.753731,3035.918512,3164.108144,3162.434947,3204.1352,3162.241312,3132.896537,3067.899626,2848.101005,2904.35856,2798.236283,2680.462085,2576.456153,2433.162578,2533.023545,2511.463531,2557.325355,2503.34986,2494.026598,2313.100062,2531.086988,2411.651724,2298.390939,2231.2021,,Europe & Central Asia
Jamaica,JAM,Energy use (kg of oil equivalent per capita),EG.USE.PCAP.KG.OE,,,,,,,,,,,,,,,,,,,,,,,,,,,,,,,1098.848269,1091.707669,1139.854066,1130.54026,1140.906448,1203.567316,1257.381945,1243.88202,1286.684424,1308.896117,1339.109992,1357.362846,1290.944735,1339.318163,1338.631043,1303.211469,1470.674998,1479.158257,1177.371768,943.3513861,875.1006769,923.8999863,888.6928547,930.08504,900.3264565,900.563813,995.5755118,917.139932,1029.18714,1072.419193,792.6938618,877.9033278,962.7718705,934.8914193,,,Latin America & Caribbean
Jordan,JOR,Energy use (kg of oil equivalent per capita),EG.USE.PCAP.KG.OE,,,,,,,,,,,,,,,,,,,,,,,,,,,,,,,903.9379598,864.3391178,921.0196233,866.1145193,885.1382493,905.1935881,898.4125714,893.4916307,902.8146642,880.871567,903.243088,876.037094,900.9649577,900.9859896,1057.176524,1107.306795,1066.357315,1055.847779,1011.345535,1044.299672,973.4132195,944.4861896,1034.503058,966.8498981,930.1604975,903.433667,887.6167594,917.0415684,869.2120051,811.583012,754.9438317,741.9977657,757.5180497,767.6354575,,,Middle East & North Africa
Japan,JPN,Energy use (kg of oil equivalent per capita),EG.USE.PCAP.KG.OE,,,,,,,,,,,,,,,,,,,,,,,,,,,,,,,3538.39176,3560.896102,3626.468897,3636.469483,3823.871135,3915.677952,3990.473988,4022.089147,3938.282938,3994.223677,4067.035344,3990.106024,3992.919981,3956.900489,4085.491955,4066.442004,4064.360447,4020.805466,3867.135573,3709.023262,3900.212128,3620.180191,3536.702535,3567.337805,3445.816329,3400.592711,3370.887796,3391.050415,3343.054128,3261.620249,3046.854807,3196.03971,3129.658617,3039.141261,3005.899028,,East Asia & Pacific
Kazakhstan,KAZ,Energy use (kg of oil equivalent per capita),EG.USE.PCAP.KG.OE,,,,,,,,,,,,,,,,,,,,,,,,,,,,,,,4281.894453,4337.697544,4549.121292,3799.017982,3411.220394,3122.782211,2762.822377,2461.860761,2514.043294,2324.272626,2301.83295,2217.578621,2538.14202,2737.29873,3204.588112,3186.46182,3763.634908,4065.373389,4253.353809,3819.514686,4105.701894,4532.003089,4270.243404,4645.780374,3698.183192,3050.943855,3389.097318,3404.267075,3814.138734,3753.157933,3388.387891,3540.400298,3506.54555,3650.547593,,,Europe & Central Asia
Kenya,KEN,Energy use (kg of oil equivalent per capita),EG.USE.PCAP.KG.OE,,,,,,,,,,,,,,,,,,,,,,,,,,,,,,,472.5585888,465.1353538,461.5148,457.1624779,448.8177908,457.7018692,461.288542,453.6443634,459.342548,456.3674924,460.2595579,452.4284555,445.3517661,435.1030528,449.6750201,453.6249182,459.8585052,456.2237529,456.1534424,470.5883887,469.5958212,472.7151627,462.7498456,471.4354745,497.4856641,530.458901,533.4077785,538.6069039,546.4952967,543.8831872,534.7539575,539.7786432,541.1280499,544.940572,539.2984274,,Sub-Saharan Africa
Kyrgyz Republic,KGZ,Energy use (kg of oil equivalent per capita),EG.USE.PCAP.KG.OE,,,,,,,,,,,,,,,,,,,,,,,,,,,,,,,1704.874256,1520.680579,1102.814885,856.9211275,618.8844321,522.8004732,595.7268521,552.1900809,578.9327863,498.3993088,473.3802071,435.8812891,485.3008574,511.2496051,497.8754764,498.5394096,485.4248491,560.621207,593.9478177,535.1743308,503.6155771,596.8017901,731.3564164,674.4523744,691.5385436,659.1277037,624.3534801,609.7055985,707.0811911,609.881987,562.2891527,595.8332224,643.2028412,591.2115078,,,Europe & Central Asia
Cambodia,KHM,Energy use (kg of oil equivalent per capita),EG.USE.PCAP.KG.OE,,,,,,,,,,,,,,,,,,,,,,,,,,,,,,,,,,,,282.3500978,269.7159737,258.9472531,268.3461901,271.4482976,273.1110601,276.1642071,272.095279,275.5985707,279.2723369,286.3903911,289.72636,298.2137717,296.3896161,311.4624062,323.2559707,325.063801,334.0259645,337.7820364,359.9541785,379.7547467,412.7612123,418.968476,440.5122792,487.9389207,513.1792463,497.0421283,498.3117367,554.9051829,,,East Asia & Pacific
Kiribati,KIR,Energy use (kg of oil equivalent per capita),EG.USE.PCAP.KG.OE,,,,,,,,,,,,,,,,,,,,,,,,,,,,,,,95.0191036,,,,,,,,,,,,,,83.25961388,81.60350895,99.98300289,107.7712897,,,,,,,,,,,,,,,,,,,East Asia & Pacific
St. Kitts and Nevis,KNA,Energy use (kg of oil equivalent per capita),EG.USE.PCAP.KG.OE,,,,,,,,,,,,,,,,,,,,,,,,,,,,,,,534.2513356,,,,,,,,,,,,,,1640.937061,1701.229623,1696.407481,1777.073609,,,,,,,,,,,,,,,,,,,Latin America & Caribbean
"Korea, Rep.",KOR,Energy use (kg of oil equivalent per capita),EG.USE.PCAP.KG.OE,,,,,,,,,,,,,,,,,,,,,,,,,,,,,,,2088.021628,2259.937525,2545.854989,2824.867897,2968.998193,3234.297611,3460.922017,3675.468303,3374.348703,3665.800373,3952.362853,3923.080943,4093.476401,4137.646497,4255.200215,4324.509297,4337.551035,4487.981326,4512.969322,4557.697568,4920.341595,5114.962826,5122.942133,5108.236339,5136.98533,5239.003454,5390.840426,5467.82225,5531.779574,5334.673859,5195.910111,5513.628306,5411.974777,5336.92486,5438.790368,,East Asia & Pacific
Kuwait,KWT,Energy use (kg of oil equivalent per capita),EG.USE.PCAP.KG.OE,,,,,,,,,,,,,,,,,,,,,,,,,,,,,,,5367.181597,1851.861234,5354.04474,7325.821996,8627.957699,8751.976092,8370.109966,8179.905101,9038.318838,9405.01208,9498.02436,9864.906764,9714.889599,10164.17928,10971.4644,12019.62545,10452.80384,9524.114021,10651.12381,10531.90409,11313.74616,10506.46597,10426.98271,9778.607475,8692.304039,9738.489549,9693.779264,9535.251606,9781.853216,8355.801894,8874.991253,8573.693911,9132.605909,8952.274831,,,Middle East & North Africa
Latin America & Caribbean (excluding high income),LAC,Energy use (kg of oil equivalent per capita),EG.USE.PCAP.KG.OE,,,,,,,,,,,,,,,,,,,,,,,,,,,,,,,1000.626646,1005.225817,998.2184725,998.2932648,1026.421772,1022.353597,1043.783924,1071.610266,1090.096493,1090.836074,1079.757554,1074.369987,1077.060666,1106.388963,1139.088373,1161.98631,1182.195554,1205.556396,1228.363439,1183.895291,1234.344163,1258.515424,1282.738229,1315.969496,1321.882837,1301.530067,1277.172073,1264.365814,1248.907228,1255.421594,1178.857208,1240.176813,1252.33168,1276.033892,1468.509441,,
Lao PDR,LAO,Energy use (kg of oil equivalent per capita),EG.USE.PCAP.KG.OE,,,,,,,,,,,,,,,,,,,,,,,,,,,,,,,,,,,,,,,,,296.8284332,305.2037883,308.9648365,314.0195747,319.0629069,324.8568175,349.3850208,377.4611948,406.7275967,420.2734975,425.3694773,424.2265917,430.5322647,446.1111309,458.217462,602.3676415,754.1579128,811.9399249,820.7963818,809.2557432,727.9036994,753.8303283,847.1074701,880.5989828,,,East Asia & Pacific
Lebanon,LBN,Energy use (kg of oil equivalent per capita),EG.USE.PCAP.KG.OE,,,,,,,,,,,,,,,,,,,,,,,,,,,,,,,543.4791747,659.1432523,653.947203,921.5514808,991.740635,1115.100833,1155.745384,1277.856548,1237.773802,1272.570047,1136.870145,1199.710236,1175.253465,1157.298816,1149.060019,1079.47193,985.7854713,823.8750048,1061.379123,1336.59417,1272.704426,1257.015336,1383.47674,1238.323834,1192.553006,1284.150182,1356.177023,1475.80821,1431.825535,1489.872173,1251.181165,987.5971038,652.7413693,780.3301615,,,Middle East & North Africa
Liberia,LBR,Energy use (kg of oil equivalent per capita),EG.USE.PCAP.KG.OE,,,,,,,,,,,,,,,,,,,,,,,,,,,,,,,,,,,,,,,,,,,,,,,,,,,,,,,,,,,,,,,,,,,Sub-Saharan Africa
Libya,LBY,Energy use (kg of oil equivalent per capita),EG.USE.PCAP.KG.OE,,,,,,,,,,,,,,,,,,,,,,,,,,,,,,,2512.507619,2493.275966,2429.439548,2472.150116,2739.836625,2850.593105,2937.611345,2932.651895,2967.342133,2854.883431,2976.836507,3074.780588,3089.632828,3033.310814,3051.033455,3114.985643,2733.383007,2363.562475,2578.959429,2784.554546,3131.506083,2631.727946,3101.476813,2747.590738,3550.574282,2942.789507,3350.142606,3698.168835,3345.562829,3691.943521,1411.043339,2102.635895,1543.81472,2662.167366,,,Middle East & North Africa
St. Lucia,LCA,Energy use (kg of oil equivalent per capita),EG.USE.PCAP.KG.OE,,,,,,,,,,,,,,,,,,,,,,,,,,,,,,,405.6355499,,,,,,,,,,,,,,730.6425392,743.4270172,714.1185437,763.0038508,,,,,,,,,,,,,,,,,,,Latin America & Caribbean
Latin America & Caribbean,LCN,Energy use (kg of oil equivalent per capita),EG.USE.PCAP.KG.OE,,,,,,,,,,,,,,,,,,,,,,,,,,,,,,,1053.225212,1059.984212,1067.85409,1057.109784,1096.808258,1086.456426,1117.157978,1146.611688,1169.912307,1182.938201,1173.302994,1159.119969,1185.695063,1204.443646,1232.235882,1261.714026,1286.002371,1311.533201,1328.979388,1281.650601,1349.639794,1361.035732,1388.288636,1429.822751,1411.771007,1389.174384,1361.35145,1344.469471,1306.612194,1311.921644,1217.580098,1292.175504,1302.206652,1321.027906,1487.379163,,
Least developed countries: UN classification,LDC,Energy use (kg of oil equivalent per capita),EG.USE.PCAP.KG.OE,,,,,,,,,,,,,,,,,,,,,,,,,,,,,,,286.3742022,284.0158128,283.2651315,280.2828895,287.2232176,293.0796593,292.8052553,295.9009951,289.1663716,293.0102094,289.2197366,294.496867,295.5459423,300.1747,299.2671422,301.3230789,307.2062858,306.495745,312.5869767,319.2130887,319.2339856,324.2613186,326.7926043,340.5000882,342.5577045,345.8898673,350.6722021,357.4233338,357.8938776,360.8499698,363.632287,367.8629374,372.0932889,367.869784,,,
Low income,LIC,Energy use (kg of oil equivalent per capita),EG.USE.PCAP.KG.OE,,,,,,,,,,,,,,,,,,,,,,,,,,,,,,,522.6784969,513.2286155,479.0489714,454.0101683,445.764345,444.389063,431.2447829,432.1407639,411.4697228,415.817783,406.0052825,410.3376599,406.8139082,406.7387815,404.2847855,417.188635,420.6045021,398.5406659,407.4621249,403.8707839,394.7497895,382.5466601,360.3612965,355.5050393,356.7430832,337.1691421,333.4641851,360.7446974,359.6946013,358.999565,361.0740383,358.8539978,364.5492911,359.2241544,,,
Liechtenstein,LIE,Energy use (kg of oil equivalent per capita),EG.USE.PCAP.KG.OE,,,,,,,,,,,,,,,,,,,,,,,,,,,,,,,,,,,,,,,,,,,,,,,,,,,,,,,,,,,,,,,,,,,Europe & Central Asia
Sri Lanka,LKA,Energy use (kg of oil equivalent per capita),EG.USE.PCAP.KG.OE,,,,,,,,,,,,,,,,,,,,,,,,,,,,,,,337.3895922,339.9352829,343.3064357,355.8394537,336.7624844,341.9573543,375.3832001,381.7068469,380.7752185,399.1235271,431.6261215,410.7671417,413.9926787,435.2386214,438.0699185,445.3008949,446.3506855,451.9804109,437.2262114,441.0467009,467.3370287,472.0495451,481.9699634,456.6116269,485.8889734,501.5182945,542.5773797,514.2362286,508.5433645,523.4672124,511.1099508,527.1566965,463.7267221,466.7189936,,,South Asia
Lower middle income,LMC,Energy use (kg of oil equivalent per capita),EG.USE.PCAP.KG.OE,,,,,,,,,,,,,,,,,,,,,,,,,,,,,,,362.833613,366.4214315,368.2086514,369.1547679,371.4406934,376.6871847,383.4481346,390.7439667,393.897578,404.4252917,401.5356411,403.3361085,407.0880444,409.8976532,422.9713716,433.0353349,442.9028865,455.6650984,468.601613,480.3918047,499.3206733,511.5898007,523.8629687,525.3812306,545.976312,550.6726466,562.3219399,576.7171565,588.5658984,592.0899687,571.9359127,599.6323686,622.3915223,639.3407719,,,
Low & middle income,LMY,Energy use (kg of oil equivalent per capita),EG.USE.PCAP.KG.OE,,,,,,,,,,,,,,,,,,,,,,,,,,,,,,,723.0208104,713.3900692,703.069565,704.7696442,706.2046198,723.6936739,726.9969034,732.0799314,724.9039005,730.6186822,732.0292898,737.2728074,755.3029227,798.7982844,853.5501463,893.1590026,932.2175905,969.0723081,990.0933004,1006.699771,1065.412584,1103.055336,1121.480471,1136.728449,1152.797532,1139.197625,1139.71223,1165.42806,1192.243552,1216.831291,1202.58069,1265.551519,1281.525069,1329.597491,,,
Lesotho,LSO,Energy use (kg of oil equivalent per capita),EG.USE.PCAP.KG.OE,,,,,,,,,,,,,,,,,,,,,,,,,,,,,,,,,,,,,,,,,,,,,14.2050571,16.8964239,9.768321129,9.727287807,,,,,,,,,,,,,,,,,,,Sub-Saharan Africa
Late-demographic dividend,LTE,Energy use (kg of oil equivalent per capita),EG.USE.PCAP.KG.OE,,,,,,,,,,,,,,,,,,,,,,,,,,,,,,,1363.104319,1321.967195,1276.206225,1263.170785,1221.743321,1245.668809,1256.778629,1237.468116,1218.710571,1227.952253,1244.140179,1270.684711,1311.517022,1412.258367,1519.940741,1605.977669,1704.674939,1782.166761,1827.145078,1851.45148,2005.675983,2097.764485,2145.440067,2187.182475,2205.998652,2188.097871,2186.729746,2235.225091,2317.812166,2364.149262,2380.151945,2530.234406,2565.679675,2662.602646,,,
Lithuania,LTU,Energy use (kg of oil equivalent per capita),EG.USE.PCAP.KG.OE,,,,,,,,,,,,,,,,,,,,,,,,,,,,,,,4344.382522,4601.930954,2978.477944,2472.214285,2220.474035,2401.166343,2610.086282,2493.74956,2637.510485,2262.27498,2040.580886,2388.281422,2578.770975,2714.295086,2784.894036,2668.049724,2669.903958,2927.728514,2978.883257,2771.818699,2276.517761,2412.977601,2468.164584,2352.913373,2376.275378,2420.605551,2504.983838,2653.399843,2711.161868,2707.607647,2674.068404,2774.319795,2453.939933,2437.046012,2602.996032,,Europe & Central Asia
Luxembourg,LUX,Energy use (kg of oil equivalent per capita),EG.USE.PCAP.KG.OE,,,,,,,,,,,,,,,,,,,,,,,,,,,,,,,8874.233753,9353.563272,9262.232843,9267.142671,8823.412303,7705.611392,7711.396868,7410.059416,7067.127833,7267.21827,7682.155552,7986.413895,8205.474696,8553.03438,9381.203821,9429.924653,9172.055983,8779.50608,8625.433336,7958.76293,8335.835007,8062.979119,7723.784323,7320.721679,6878.681452,6548.759621,6342.68338,6313.353712,6414.364783,6376.866966,5435.815706,5631.087257,4862.947408,4592.379793,4552.138646,,Europe & Central Asia
Latvia,LVA,Energy use (kg of oil equivalent per capita),EG.USE.PCAP.KG.OE,,,,,,,,,,,,,,,,,,,,,,,,,,,,,,,2962.615354,2799.849778,2342.086462,2058.799467,1894.087371,1849.74049,1840.133107,1821.525033,1796.354746,1664.120484,1618.639842,1759.370124,1763.470876,1890.176749,1961.333073,2022.797769,2114.393491,2179.776479,2106.601058,2056.154241,2149.363128,2066.714761,2171.078708,2156.588285,2177.029683,2155.852207,2172.438847,2265.216939,2403.499818,2343.515819,2251.382501,2375.518507,2256.119045,2240.336497,2270.984287,,Europe & Central Asia
"Macao SAR, China",MAC,Energy use (kg of oil equivalent per capita),EG.USE.PCAP.KG.OE,,,,,,,,,,,,,,,,,,,,,,,,,,,,,,,,,,,,,,,,,,,,,,,,,,,,,,,,,,,,,,,,,,,East Asia & Pacific
St. Martin (French part),MAF,Energy use (kg of oil equivalent per capita),EG.USE.PCAP.KG.OE,,,,,,,,,,,,,,,,,,,,,,,,,,,,,,,,,,,,,,,,,,,,,,,,,,,,,,,,,,,,,,,,,,,
Morocco,MAR,Energy use (kg of oil equivalent per capita),EG.USE.PCAP.KG.OE,,,,,,,,,,,,,,,,,,,,,,,,,,,,,,,312.5523094,322.8448469,336.3627099,343.5855853,362.4913875,353.7257575,366.0872526,371.7411779,373.2691326,391.1177776,387.6743264,405.3857336,406.6348383,399.7363684,463.8948607,484.7979088,486.5827301,495.4718136,507.9323233,504.8585976,526.0985283,559.3532791,559.6565392,554.3220767,555.5910403,563.6031066,558.0620239,577.5820989,577.1785729,614.5027336,575.6992968,616.0513933,602.9944778,600.6439129,,,Middle East & North Africa
Monaco,MCO,Energy use (kg of oil equivalent per capita),EG.USE.PCAP.KG.OE,,,,,,,,,,,,,,,,,,,,,,,,,,,,,,,,,,,,,,,,,,,,,,,,,,,,,,,,,,,,,,,,,,,Europe & Central Asia
Moldova,MDA,Energy use (kg of oil equivalent per capita),EG.USE.PCAP.KG.OE,,,,,,,,,,,,,,,,,,,,,,,,,,,,,,,3322.285793,2767.595103,2296.833528,2048.937571,1715.885339,1597.878401,1376.043483,1318.396833,1217.564184,1063.339557,985.928952,1046.101541,1063.47434,1157.570825,1166.211911,1219.633344,1197.85781,1173.389147,1168.165125,1111.421973,1302.533786,1322.407042,1316.7686,1184.750179,1277.139364,1307.99462,1356.312693,1397.599098,1495.573144,1500.039485,1461.474433,1611.527923,1422.635753,1296.80089,,,Europe & Central Asia
Madagascar,MDG,Energy use (kg of oil equivalent per capita),EG.USE.PCAP.KG.OE,,,,,,,,,,,,,,,,,,,,,,,,,,,,,,,224.5012614,226.6163002,227.1363394,229.1047245,209.5547581,243.7961873,247.0460736,249.2880419,251.8763465,256.0167912,255.7099865,254.1678323,235.9047024,247.0539249,250.2459933,250.7808072,250.8347425,254.4415172,259.1972659,253.6276129,255.4867931,259.2933148,265.2420595,268.4940739,271.2816858,275.4335866,293.3289238,299.4635178,292.8313301,313.7733094,300.285223,305.9762559,307.4805568,304.4288843,,,Sub-Saharan Africa
Maldives,MDV,Energy use (kg of oil equivalent per capita),EG.USE.PCAP.KG.OE,,,,,,,,,,,,,,,,,,,,,,,,,,,,,,,226.448154,,,,,,,,,,,,,,829.4267334,734.2647073,917.6328895,921.4771988,,,,,,,,,,,,,,,,,,,South Asia
"Middle East, North Africa, Afghanistan & Pakistan",MEA,Energy use (kg of oil equivalent per capita),EG.USE.PCAP.KG.OE,,,,,,,,,,,,,,,,,,,,,,,,,,,,,,,937.3526687,955.4694598,1017.098652,1060.062474,1102.735785,1110.685905,1108.165007,1142.708518,1138.25,1154.458548,1160.925871,1220.31123,1243.428775,1245.487116,1284.973426,1348.666094,1383.295336,1418.728771,1474.692036,1485.088605,1516.650323,1518.554917,1553.146042,1532.283659,1586.077657,1573.858067,1600.981894,1633.946589,1607.246546,1618.933167,1561.171817,1607.386838,1607.106801,1641.477898,,,
Mexico,MEX,Energy use (kg of oil equivalent per capita),EG.USE.PCAP.KG.OE,,,,,,,,,,,,,,,,,,,,,,,,,,,,,,,1502.659162,1547.44133,1532.050835,1529.669179,1536.719715,1461.030504,1467.310821,1518.262803,1536.122419,1555.694077,1541.322975,1563.127082,1556.554516,1644.23441,1651.99433,1718.636694,1723.717638,1693.778807,1678.232873,1616.7937,1581.826225,1632.538336,1652.16322,1633.00512,1582.666661,1539.138267,1525.383745,1478.438965,1493.478822,1469.653503,1366.427226,1417.705591,1441.983828,1467.109319,1558.757909,,Latin America & Caribbean
Marshall Islands,MHL,Energy use (kg of oil equivalent per capita),EG.USE.PCAP.KG.OE,,,,,,,,,,,,,,,,,,,,,,,,,,,,,,,,,,,,,,,,,,,,,559.9428472,558.7022695,577.011848,614.9706928,,,,,,,,,,,,,,,,,,,East Asia & Pacific
Middle income,MIC,Energy use (kg of oil equivalent per capita),EG.USE.PCAP.KG.OE,,,,,,,,,,,,,,,,,,,,,,,,,,,,,,,732.8894814,723.240624,714.3094417,717.4992288,719.5630578,738.1386565,742.4979126,747.9829533,741.7033823,747.6909976,749.8851502,755.3910806,774.8566901,821.0825803,879.6628986,921.2037401,962.8251707,1003.783757,1025.766769,1044.146222,1107.690241,1149.12045,1172.326942,1189.48518,1207.090123,1194.561906,1196.166573,1222.645857,1252.459853,1280.035579,1265.743952,1334.908412,1353.096465,1406.893611,,,
North Macedonia,MKD,Energy use (kg of oil equivalent per capita),EG.USE.PCAP.KG.OE,,,,,,,,,,,,,,,,,,,,,,,,,,,,,,,1200.335207,1180.710719,1328.908254,1380.860606,1241.008215,1251.215698,1468.035802,1345.471196,1439.11481,1343.529038,1316.525513,1266.250098,1251.053245,1379.165385,1362.184497,1453.504361,1486.595749,1550.394715,1540.697797,1437.831856,1475.242775,1619.762476,1549.523431,1441.72181,1404.882811,1387.979624,1408.22019,1438.491959,1370.121651,1503.513369,1388.546464,1455.088402,1476.135426,1450.141775,,,Europe & Central Asia
Mali,MLI,Energy use (kg of oil equivalent per capita),EG.USE.PCAP.KG.OE,,,,,,,,,,,,,,,,,,,,,,,,,,,,,,,,,,,,,,,,,,,,,,,,,,,,,,,,,,,,,,,,,,,Sub-Saharan Africa
Malta,MLT,Energy use (kg of oil equivalent per capita),EG.USE.PCAP.KG.OE,,,,,,,,,,,,,,,,,,,,,,,,,,,,,,,1961.642556,1846.461372,1807.04452,2288.960212,2056.334334,1879.028974,1836.618412,2047.396727,1792.799479,1943.413763,1731.675152,2001.300942,1851.864129,2071.449527,2066.571639,2101.87985,2095.17873,2131.222962,2153.749038,1953.434088,2022.688949,2002.2597,2102.784198,1822.112902,1793.378774,1448.872265,1311.667326,1451.209231,1407.696371,1440.482792,1336.72896,1363.05571,1456.245248,1397.996062,,,Europe & Central Asia
Myanmar,MMR,Energy use (kg of oil equivalent per capita),EG.USE.PCAP.KG.OE,,,,,,,,,,,,,,,,,,,,,,,,,,,,,,,270.1148486,261.9489841,266.9720729,260.662306,275.9454415,282.0977227,279.4370458,285.5863459,288.9164887,293.8279124,300.3844038,293.0467598,289.5521302,309.3887908,323.0628532,328.7914687,330.7125367,340.4591981,326.2475856,307.3470046,294.9887537,296.5034674,320.1652739,333.6257425,361.8865226,369.6625798,396.4658428,445.1265305,439.2935215,417.7727485,424.4306919,391.9643053,398.2846751,410.8642145,,,East Asia & Pacific
"Middle East, North Africa, Afghanistan & Pakistan (excluding high income)",MNA,Energy use (kg of oil equivalent per capita),EG.USE.PCAP.KG.OE,,,,,,,,,,,,,,,,,,,,,,,,,,,,,,,663.1919531,668.6644137,698.743797,728.8869901,757.8801174,769.6430054,756.2709363,799.2036662,782.525373,801.6403201,788.1083653,823.4193332,825.9336233,828.8672698,872.414235,923.9926425,936.1314177,956.183478,979.1292283,978.2356846,973.7027221,971.3692242,987.8313436,973.1829095,1003.786254,966.4059616,1001.102847,1050.191308,1038.185017,1065.408249,1023.011789,1066.10388,1047.299018,1080.495247,,,
Montenegro,MNE,Energy use (kg of oil equivalent per capita),EG.USE.PCAP.KG.OE,,,,,,,,,,,,,,,,,,,,,,,,,,,,,,,,,,,,,,,,,,,,,,1662.812049,1841.679437,1828.433934,1965.215934,1555.005017,1820.452494,1811.216125,1701.468279,1574.55137,1532.342795,1599.593892,1552.233072,1625.496083,1679.559764,1737.593199,1625.86285,1730.511512,1674.128603,1722.215248,,,Europe & Central Asia
Mongolia,MNG,Energy use (kg of oil equivalent per capita),EG.USE.PCAP.KG.OE,,,,,,,,,,,,,,,,,,,,,,,,,,,,,,,1664.800432,1766.066407,1542.060478,1442.774258,1231.378101,1204.714809,998.2131372,962.5539139,956.9113392,944.8082685,1002.477141,997.6350155,1054.5091,1016.896775,1035.46685,1179.790383,1330.285513,1370.909444,1354.848137,1382.983787,1439.587467,1548.687129,1579.885822,1770.468357,1783.416786,1535.523805,1606.450788,1622.101442,1785.111555,2035.626785,1793.273108,1944.526644,1914.218381,2176.261357,,,East Asia & Pacific
Northern Mariana Islands,MNP,Energy use (kg of oil equivalent per capita),EG.USE.PCAP.KG.OE,,,,,,,,,,,,,,,,,,,,,,,,,,,,,,,,,,,,,,,,,,,,,,,,,,,,,,,,,,,,,,,,,,,East Asia & Pacific
Mozambique,MOZ,Energy use (kg of oil equivalent per capita),EG.USE.PCAP.KG.OE,,,,,,,,,,,,,,,,,,,,,,,,,,,,,,,443.8130728,432.8480271,429.600333,424.5282891,402.2830819,388.8240174,384.5115854,386.520709,383.191403,383.7048031,396.0280409,407.1455688,409.4550471,421.1304748,426.3789455,424.4912782,428.6925219,338.4661913,338.6616642,358.8798599,317.8812307,370.8705383,364.8286696,380.58528,383.3263401,385.1528649,380.8117019,371.7459093,366.248037,359.7588555,342.9518586,353.1134532,358.7269245,362.8239025,,,Sub-Saharan Africa
Mauritania,MRT,Energy use (kg of oil equivalent per capita),EG.USE.PCAP.KG.OE,,,,,,,,,,,,,,,,,,,,,,,,,,,,,,,,,,,,,,,,,,,,,,,,,,,,,,,,,,,,,,,,,,,Sub-Saharan Africa
Mauritius,MUS,Energy use (kg of oil equivalent per capita),EG.USE.PCAP.KG.OE,,,,,,,,,,,,,,,,,,,,,,,,,,,,,,,629.432902,634.4580545,657.8145233,678.879066,657.6575703,697.031159,702.2599626,712.6164275,750.4861669,775.9203937,851.2436821,886.7921615,873.2217132,909.0895641,919.8380837,945.7547203,1006.020629,1007.594699,1026.707093,999.514481,1050.757672,1053.558014,1066.25425,1085.550196,1104.475355,1136.149191,1135.898027,1156.155179,1142.144241,1163.151792,1025.837442,1072.429457,1095.738797,1172.416439,,,Sub-Saharan Africa
Malawi,MWI,Energy use (kg of oil equivalent per capita),EG.USE.PCAP.KG.OE,,,,,,,,,,,,,,,,,,,,,,,,,,,,,,,,,,,,,,,,,,,,,,,,,,,,,,,,,,,,,,,,,,,Sub-Saharan Africa
Malaysia,MYS,Energy use (kg of oil equivalent per capita),EG.USE.PCAP.KG.OE,,,,,,,,,,,,,,,,,,,,,,,,,,,,,,,1188.840602,1433.306068,1542.616871,1630.748932,1582.138907,1671.573615,1806.871406,2055.062771,1904.881764,1885.280433,2104.611305,2138.334575,2156.947234,2256.651068,2373.577703,2517.464517,2474.391618,2586.989879,2681.000034,2485.916674,2531.677106,2593.273103,2589.319904,2871.75671,2883.135509,2708.662895,2760.831974,2619.442527,2841.118007,2879.894496,2719.433783,2781.735038,3035.372576,3008.824199,,,East Asia & Pacific
North America,NAC,Energy use (kg of oil equivalent per capita),EG.USE.PCAP.KG.OE,,,,,,,,,,,,,,,,,,,,,,,,,,,,,,,7666.665071,7619.785854,7669.794367,7715.538816,7776.523355,7784.122284,7864.306387,7849.380059,7816.479168,7939.464804,8071.780948,7843.183246,7850.585357,7841.66901,7926.973426,7895.191257,7766.549653,7815.103545,7545.299318,7116.881418,7211.896429,7079.737534,6901.743809,6966.201517,7002.006704,6879.603832,6791.826309,6750.272782,6882.618499,6846.625571,6280.797231,6557.250585,6623.012426,6466.935904,6445.684267,,
Namibia,NAM,Energy use (kg of oil equivalent per capita),EG.USE.PCAP.KG.OE,,,,,,,,,,,,,,,,,,,,,,,,,,,,,,,0.0,483.5515725,496.9384325,517.5875437,539.2013213,572.602838,598.2816905,594.6319242,601.7100658,582.5099743,576.3883102,664.0696059,601.5726372,618.6691978,658.9261138,701.6663422,691.7567542,695.7602503,756.4335477,773.3138253,652.9228015,657.2497803,667.0673549,671.0883136,690.1528997,716.0347082,758.5314354,713.807141,733.1740641,718.1703704,677.7635541,680.382622,690.5189568,696.9756048,,,Sub-Saharan Africa
New Caledonia,NCL,Energy use (kg of oil equivalent per capita),EG.USE.PCAP.KG.OE,,,,,,,,,,,,,,,,,,,,,,,,,,,,,,,,,,,,,,,,,,,,,,,,,,,,,,,,,,,,,,,,,,,East Asia & Pacific
Niger,NER,Energy use (kg of oil equivalent per capita),EG.USE.PCAP.KG.OE,,,,,,,,,,,,,,,,,,,,,,,,,,,,,,,174.6998574,172.9480262,171.4734628,173.3897122,172.3897525,171.0013008,172.8275852,207.3875854,206.0831075,203.3713629,127.8478804,127.0883735,127.2759721,128.2624786,129.2999406,126.0312963,124.9052244,125.8749745,127.0654141,129.7769807,134.7459912,112.8798035,128.3627525,154.8121995,151.6969478,148.7865325,147.4520961,143.8315997,146.1015849,148.1249509,147.8153742,150.0893502,161.3532574,161.2592339,,,Sub-Saharan Africa
Nigeria,NGA,Energy use (kg of oil equivalent per capita),EG.USE.PCAP.KG.OE,,,,,,,,,,,,,,,,,,,,,,,,,,,,,,,287.4807119,298.6591592,307.4869314,299.6543629,263.0190747,256.9182145,268.0735712,278.4892268,269.3650108,272.1803869,274.0741321,283.0105466,283.7671369,296.8525714,286.3831776,305.4062176,287.9700223,281.7350443,287.5327267,260.7778385,335.0746083,376.5520729,357.3380846,351.7187818,349.2378116,320.3185424,331.4861405,316.7303265,300.4574697,331.0447471,324.4551722,334.4765015,333.6980062,319.9004292,,,Sub-Saharan Africa
Nicaragua,NIC,Energy use (kg of oil equivalent per capita),EG.USE.PCAP.KG.OE,,,,,,,,,,,,,,,,,,,,,,,,,,,,,,,484.754187,500.7948697,506.0685118,487.3789876,464.7274938,486.2692817,486.0969932,500.3446381,495.7038263,495.2635362,500.3766308,498.4859027,492.629526,505.003839,526.4798601,527.9588796,538.9140555,540.292721,533.8126402,523.4079353,529.0082033,531.3628157,566.8195986,576.4741336,586.817956,611.8763319,626.8230074,632.3739473,616.5169962,616.1511293,584.3209985,602.731074,603.8381503,632.8130098,,,Latin America & Caribbean
Netherlands,NLD,Energy use (kg of oil equivalent per capita),EG.USE.PCAP.KG.OE,,,,,,,,,,,,,,,,,,,,,,,,,,,,,,,4488.695993,4620.668146,4549.244157,4616.71602,4607.586628,4732.286414,4949.781759,4788.82913,4794.511732,4685.19177,4695.370096,4783.238064,4804.577382,4959.465815,4985.680177,4893.732961,4840.78434,4812.364651,4755.094203,4665.864277,4978.869388,4611.914538,4599.205919,4488.604064,4215.352621,4298.592871,4352.446531,4365.203853,4251.167167,4129.409095,3975.378136,4057.791292,3570.12032,3418.136701,3415.761331,,Europe & Central Asia
Norway,NOR,Energy use (kg of oil equivalent per capita),EG.USE.PCAP.KG.OE,,,,,,,,,,,,,,,,,,,,,,,,,,,,,,,4966.995765,5105.032801,5159.591719,5460.548162,5315.222294,5391.366489,5201.949253,5475.166751,5684.745602,5913.280222,5826.122323,5954.819117,5502.089299,5934.590798,6231.94031,6319.925459,6319.154528,5864.300444,6412.35151,6200.502446,6455.316685,5501.955936,5805.467589,6047.180575,5525.576039,4930.481376,5368.576472,5673.509315,5539.190119,5220.688661,5145.722219,5298.876628,4651.486708,4884.617524,4775.002803,,Europe & Central Asia
Nepal,NPL,Energy use (kg of oil equivalent per capita),EG.USE.PCAP.KG.OE,,,,,,,,,,,,,,,,,,,,,,,,,,,,,,,296.5595081,298.341311,297.1095135,296.7406811,299.6643196,301.7623333,302.2728585,305.6269537,307.4630592,318.398507,330.3528525,335.7519608,334.3571598,338.9999853,339.5481173,347.1407482,343.8067168,347.5434631,356.9630659,365.0031382,373.4456755,384.8372684,368.8976936,413.9323783,430.9595151,426.243114,458.1690035,484.0466676,504.5080029,482.6283454,524.4553198,534.0316923,429.2226462,442.6488523,,,South Asia
Nauru,NRU,Energy use (kg of oil equivalent per capita),EG.USE.PCAP.KG.OE,,,,,,,,,,,,,,,,,,,,,,,,,,,,,,,,,,,,,,,,,,,,,,,,,,,,,,,,,,,,,,,,,,,East Asia & Pacific
New Zealand,NZL,Energy use (kg of oil equivalent per capita),EG.USE.PCAP.KG.OE,,,,,,,,,,,,,,,,,,,,,,,,,,,,,,,3894.978491,3799.727895,3845.055767,4008.715659,4093.402997,4091.525009,4173.396847,4305.043638,4204.702015,4330.234815,4467.211386,4399.146879,4326.222954,4180.769914,4224.875676,4074.148591,4034.758218,4057.162682,4100.756066,4073.036977,4147.306161,4108.263833,4280.565372,4298.715337,4476.807125,4422.742641,4265.938395,4200.712627,4109.220685,4170.804963,3862.585102,3907.647767,3764.507814,3660.602737,3559.149424,,East Asia & Pacific
OECD members,OED,Energy use (kg of oil equivalent per capita),EG.USE.PCAP.KG.OE,,,,,,,,,,,,,,,,,,,,,,,,,,,,,,,4127.687896,4136.552178,4136.978104,4161.366132,4196.42436,4249.879548,4342.503783,4347.886943,4333.085295,4373.097492,4438.146293,4390.014257,4389.655657,4422.051293,4473.719927,4470.801892,4449.980265,4436.790372,4341.885864,4123.622975,4230.698695,4130.471143,4068.005726,4077.367802,4013.373427,3987.822263,3972.700273,3977.313161,3990.28268,3941.064306,3662.999601,3831.867518,3769.87919,3671.75492,3668.392145,,
Oman,OMN,Energy use (kg of oil equivalent per capita),EG.USE.PCAP.KG.OE,,,,,,,,,,,,,,,,,,,,,,,,,,,,,,,2390.498146,3060.92285,2758.171167,2960.735708,2892.262071,2877.398952,2894.098792,3064.279728,3040.692574,3126.102772,3286.265995,3303.972682,3469.435062,3565.244323,3658.507554,4030.081853,6138.773443,6889.717212,5927.850539,5912.235732,6736.894127,7155.542087,6702.985869,6349.133985,6076.732039,6027.982465,5557.82392,5765.685229,5549.372875,5120.964904,5718.769391,5956.409359,5920.005025,5908.4271,,,Middle East & North Africa
Other small states,OSS,Energy use (kg of oil equivalent per capita),EG.USE.PCAP.KG.OE,,,,,,,,,,,,,,,,,,,,,,,,,,,,,,,2491.710293,,,,,,,,,,,,,,1744.826713,1733.678513,1912.283544,2063.281667,,,,,,,,,,,,,,,,,,,
Pakistan,PAK,Energy use (kg of oil equivalent per capita),EG.USE.PCAP.KG.OE,,,,,,,,,,,,,,,,,,,,,,,,,,,,,,,370.7565772,367.1217717,379.5792137,387.5048278,392.5257409,397.6824088,403.9957311,402.9657827,399.2729433,410.6814553,411.5499304,407.9964656,404.3342387,412.8367515,431.6727598,436.0618667,443.9033678,457.2053624,437.835189,433.2723145,429.3277925,422.8425374,419.5461532,421.5800138,433.4499738,437.198223,446.915366,456.1073264,453.6031265,431.6047549,454.3384362,465.1158629,418.4476528,414.9521302,,,South Asia
Panama,PAN,Energy use (kg of oil equivalent per capita),EG.USE.PCAP.KG.OE,,,,,,,,,,,,,,,,,,,,,,,,,,,,,,,602.0600122,639.3785238,714.196356,709.5783584,732.1469106,728.1907939,762.6293801,777.077784,884.102722,854.2492295,790.9193873,887.1078647,790.8601329,774.4166971,755.9909322,838.6359364,874.5660698,858.0481287,806.6720892,871.5268138,948.3048377,1037.631565,1052.699259,1002.335964,1035.012938,1024.977599,1045.765829,1035.95086,1026.389906,1162.836084,936.0654494,1033.317593,1062.699256,1019.984421,,,Latin America & Caribbean
Peru,PER,Energy use (kg of oil equivalent per capita),EG.USE.PCAP.KG.OE,,,,,,,,,,,,,,,,,,,,,,,,,,,,,,,442.1901033,424.7163183,404.7256924,423.4305501,430.0407552,450.5961669,455.4425142,432.7835258,495.1250295,512.5073135,506.0142107,483.1082942,478.0984968,464.5963773,499.923039,525.1507749,503.2676775,531.6890821,581.6399506,583.1797483,603.5145568,688.1364499,732.0717921,698.1715696,728.7728788,743.1664791,764.2358279,762.2463399,784.0279832,798.5971205,678.5117123,775.2895088,826.4587771,823.3713742,,,Latin America & Caribbean
Philippines,PHL,Energy use (kg of oil equivalent per capita),EG.USE.PCAP.KG.OE,,,,,,,,,,,,,,,,,,,,,,,,,,,,,,,427.11786,432.4028139,445.1239856,415.0589252,446.1920423,459.5219765,463.3958803,478.6114504,482.9768121,483.9236007,487.4027795,454.3238313,451.2844687,442.5687891,430.0757526,434.4711746,423.3570797,425.625806,439.0829176,420.7180473,431.4614358,428.3307591,437.4671215,443.2706553,465.6274977,499.0723638,520.9824172,544.477188,554.5019928,551.8794831,518.1706273,531.0454215,551.0427844,580.1360554,,,East Asia & Pacific
Palau,PLW,Energy use (kg of oil equivalent per capita),EG.USE.PCAP.KG.OE,,,,,,,,,,,,,,,,,,,,,,,,,,,,,,,4814.38338,,,,,,,,,,,,,,,,,,,,,,,,,,,,,,,,,,,,East Asia & Pacific
Papua New Guinea,PNG,Energy use (kg of oil equivalent per capita),EG.USE.PCAP.KG.OE,,,,,,,,,,,,,,,,,,,,,,,,,,,,,,,,,,,,,,,,,,,,,,,,,,,,,,,,,,,,,,,,,,,East Asia & Pacific
Poland,POL,Energy use (kg of oil equivalent per capita),EG.USE.PCAP.KG.OE,,,,,,,,,,,,,,,,,,,,,,,,,,,,,,,2705.726922,2641.10358,2569.22879,2625.554955,2495.223172,2578.20838,2680.108013,2640.545879,2461.018648,2396.671414,2321.776433,2338.142938,2312.594785,2375.411538,2383.780411,2414.282372,2538.761124,2529.619078,2563.585185,2463.270434,2642.068812,2652.990806,2563.690892,2567.182085,2473.797707,2498.774066,2614.971605,2734.427276,2865.526831,2761.072462,2710.956062,2920.113525,2798.007746,2639.20386,2646.736567,,Europe & Central Asia
Pre-demographic dividend,PRE,Energy use (kg of oil equivalent per capita),EG.USE.PCAP.KG.OE,,,,,,,,,,,,,,,,,,,,,,,,,,,,,,,383.5572916,372.7682733,393.3402695,403.1380883,403.0319842,396.253727,395.9498238,411.7412754,384.3961854,372.2672123,373.9223864,381.5477485,379.5842853,374.6814375,378.6601364,382.0198696,377.242487,369.7881238,377.3097811,377.0124279,396.6291895,418.4422238,417.5461753,423.0914157,417.7815773,410.4653161,415.3649151,414.0797637,411.2035159,422.1421509,413.8804539,430.4349568,441.4774932,439.853571,,,
Puerto Rico (US),PRI,Energy use (kg of oil equivalent per capita),EG.USE.PCAP.KG.OE,,,,,,,,,,,,,,,,,,,,,,,,,,,,,,,,,,,,,,,,,,,,,,,,,,,,,,,,,,,,,,,,,,,Latin America & Caribbean
"Korea, Dem. People's Rep.",PRK,Energy use (kg of oil equivalent per capita),EG.USE.PCAP.KG.OE,,,,,,,,,,,,,,,,,,,,,,,,,,,,,,,1573.595297,1479.501948,1274.104387,1154.73273,1040.84303,969.8104902,844.2956033,796.8092488,737.1666893,783.4295367,833.135926,855.3081888,817.1393778,831.4045932,845.0782558,874.5475708,878.7017703,742.7491903,814.4688729,778.3355671,752.3658868,563.1854258,549.9066421,439.8075236,471.1703192,372.7980879,409.4001693,768.5331256,700.5133313,763.6728023,726.927801,619.3541725,640.5233497,664.865789,,,East Asia & Pacific
Portugal,PRT,Energy use (kg of oil equivalent per capita),EG.USE.PCAP.KG.OE,,,,,,,,,,,,,,,,,,,,,,,,,,,,,,,1680.882862,1703.254793,1813.602804,1786.337945,1827.690651,2013.969658,1986.791497,2083.462057,2240.0633,2390.352842,2390.188701,2391.321137,2477.602758,2400.861398,2463.102488,2519.139019,2390.463746,2402.510665,2337.492531,2304.178484,2222.628335,2164.032199,2039.169997,2055.588166,2035.411425,2121.087266,2111.097113,2209.981351,2140.975589,2115.185705,1957.305502,1943.292697,1949.864961,1853.15672,1815.401325,,Europe & Central Asia
Paraguay,PRY,Energy use (kg of oil equivalent per capita),EG.USE.PCAP.KG.OE,,,,,,,,,,,,,,,,,,,,,,,,,,,,,,,761.4785103,765.5191592,742.7941177,751.9708098,802.1076435,856.4239753,855.4859264,909.5888962,879.7965575,824.2419659,756.7129745,756.5211312,740.2399309,747.2134677,745.1413054,727.7261145,742.1378108,748.8087329,795.139781,803.8424032,845.8134559,846.3780699,838.7258519,834.8644123,859.8641315,925.1934116,1072.606284,1116.339463,1130.483678,1105.562537,1056.54063,1094.065945,1044.985068,1043.954857,,,Latin America & Caribbean
West Bank and Gaza,PSE,Energy use (kg of oil equivalent per capita),EG.USE.PCAP.KG.OE,,,,,,,,,,,,,,,,,,,,,,,,,,,,,,,,,,,,,,,,,,,,,,,,,,,,,,,,,,,,,,,,,,,Middle East & North Africa
Pacific island small states,PSS,Energy use (kg of oil equivalent per capita),EG.USE.PCAP.KG.OE,,,,,,,,,,,,,,,,,,,,,,,,,,,,,,,317.4282446,,,,,,,,,,,,,,453.3864558,404.6940548,392.8853983,377.9885018,,,,,,,,,,,,,,,,,,,
Post-demographic dividend,PST,Energy use (kg of oil equivalent per capita),EG.USE.PCAP.KG.OE,,,,,,,,,,,,,,,,,,,,,,,,,,,,,,,4739.931994,4752.870261,4722.356068,4725.362482,4746.018718,4810.150476,4902.990633,4905.694959,4893.434136,4953.340823,5035.212434,4994.791748,5002.974718,5046.295736,5115.818557,5100.272694,5064.168202,5049.760309,4943.729962,4684.808646,4824.10547,4695.048028,4621.37229,4628.237737,4559.426724,4519.267744,4494.92683,4502.74636,4530.584787,4476.64594,4158.670666,4355.298069,4270.718292,4158.622015,4320.239979,,
French Polynesia,PYF,Energy use (kg of oil equivalent per capita),EG.USE.PCAP.KG.OE,,,,,,,,,,,,,,,,,,,,,,,,,,,,,,,,,,,,,,,,,,,,,,,,,,,,,,,,,,,,,,,,,,,East Asia & Pacific
Qatar,QAT,Energy use (kg of oil equivalent per capita),EG.USE.PCAP.KG.OE,,,,,,,,,,,,,,,,,,,,,,,,,,,,,,,14843.36292,15893.68886,16086.83108,16177.50931,15753.45491,15853.75774,16354.57726,18253.24989,18012.51224,17625.65731,16853.5131,16740.68661,18009.63313,17779.74369,21557.47508,20198.16891,20140.34288,18323.34646,15946.7278,15063.26662,16779.92167,16473.42697,21456.06693,20642.14232,17814.54311,16427.75654,15178.85621,16718.23705,16139.77083,15760.44724,14869.10479,17103.3823,16875.58824,16343.0404,,,Middle East & North Africa
Romania,ROU,Energy use (kg of oil equivalent per capita),EG.USE.PCAP.KG.OE,,,,,,,,,,,,,,,,,,,,,,,,,,,,,,,2671.369629,2220.464757,2020.960667,2007.213645,1896.34526,2054.452476,2115.503318,1990.186381,1825.710045,1613.9649,1615.334882,1666.724008,1755.331086,1841.574339,1807.04208,1808.187618,1881.717665,1900.483214,1925.093595,1707.812283,1724.698487,1771.703586,1736.576205,1590.193813,1579.406598,1598.691798,1604.62335,1693.373642,1717.11748,1705.257776,1669.638229,1787.095642,1655.23819,1600.619423,,,Europe & Central Asia
Russian Federation,RUS,Energy use (kg of oil equivalent per capita),EG.USE.PCAP.KG.OE,,,,,,,,,,,,,,,,,,,,,,,,,,,,,,,5942.67812,5871.994338,5357.076994,5060.116367,4427.266439,4291.533425,4254.592944,4070.658371,3982.265857,4137.74704,4224.989519,4287.908295,4289.439573,4461.83176,4494.501528,4541.208635,4689.151084,4710.474521,4822.381363,4529.203199,4853.36753,5004.234393,5056.083234,4919.898702,4915.757466,4804.230149,4936.04267,5018.773526,5279.094161,5082.729956,5068.385504,5710.552793,5707.157268,5498.305256,,,Europe & Central Asia
Rwanda,RWA,Energy use (kg of oil equivalent per capita),EG.USE.PCAP.KG.OE,,,,,,,,,,,,,,,,,,,,,,,,,,,,,,,910.0475675,839.7500453,758.6009037,687.2908187,857.1879869,1148.233872,1006.691298,1002.589175,518.902996,529.1425926,412.447351,408.9213259,409.0830736,398.6256134,390.815364,356.5465325,355.8527357,352.7666097,352.090704,355.0650286,353.9091166,355.2284298,358.8764079,359.5260147,356.6645501,354.428994,351.7667715,355.1802276,357.7162172,358.4603819,358.2495502,362.6792261,369.8752673,371.9359267,,,Sub-Saharan Africa
South Asia,SAS,Energy use (kg of oil equivalent per capita),EG.USE.PCAP.KG.OE,,,,,,,,,,,,,,,,,,,,,,,,,,,,,,,300.0886428,306.4456408,311.2104137,314.1612365,321.9439181,334.7333644,340.3517921,348.1372502,350.1442548,363.48686,366.0286001,365.8840525,369.3301828,372.3880092,386.2075687,395.6258559,410.7167743,428.2882098,446.4911809,471.61145,492.4905857,506.2136791,528.9892391,534.9884188,564.9294059,577.1801493,584.6776092,603.6376187,621.3111189,621.7682189,592.3705132,633.38163,675.790023,704.46255,,,
Saudi Arabia,SAU,Energy use (kg of oil equivalent per capita),EG.USE.PCAP.KG.OE,,,,,,,,,,,,,,,,,,,,,,,,,,,,,,,5451.718823,6050.382898,6582.971197,6537.846795,6591.026441,6316.71317,6494.459367,6019.932403,6169.38089,6054.283431,6516.007556,6348.589354,6826.995732,6631.815857,6375.54473,6447.071902,6605.441017,6696.947473,6980.05897,7125.053005,7965.261219,7979.379966,7862.423541,7401.171303,7959.813517,7786.916517,7521.589116,7707.05633,7650.763388,7669.399054,7172.008035,7467.024791,7525.253212,7148.587251,,,Middle East & North Africa
Sudan,SDN,Energy use (kg of oil equivalent per capita),EG.USE.PCAP.KG.OE,,,,,,,,,,,,,,,,,,,,,,,,,,,,,,,482.7573068,472.1969935,462.4800444,439.2249341,496.4397466,485.6117851,486.4219104,485.5789283,478.7118645,517.9801624,486.8956489,494.1236055,517.5475858,491.3639792,481.3571525,485.7498208,508.2431515,477.5083075,472.8049112,481.6298738,444.5913784,467.4243451,390.6631411,474.4295167,475.6933617,463.3920935,448.4959956,443.1355342,435.1899358,435.4379728,422.2715798,426.1632301,411.8767859,372.3129712,,,Sub-Saharan Africa
Senegal,SEN,Energy use (kg of oil equivalent per capita),EG.USE.PCAP.KG.OE,,,,,,,,,,,,,,,,,,,,,,,,,,,,,,,218.4518497,210.722191,217.8135323,211.1819136,204.2108407,210.7828769,210.6619136,218.1632742,225.0410719,231.6937645,240.5696251,253.7912846,249.8862118,235.8144014,247.0171883,246.4356688,241.5896112,253.7435197,259.2346121,304.7362269,313.396782,317.4911824,302.4186215,271.0654672,284.8459819,296.7756213,287.0420224,278.0196746,274.3790327,298.5595251,280.6079033,294.1734274,315.9659328,291.0506011,,,Sub-Saharan Africa
Singapore,SGP,Energy use (kg of oil equivalent per capita),EG.USE.PCAP.KG.OE,,,,,,,,,,,,,,,,,,,,,,,,,,,,,,,3782.71773,4167.373439,4588.887018,5487.722622,6460.589508,5346.987802,5359.513368,5818.450534,5083.358782,4587.579947,4634.813683,5146.023239,5066.196035,6217.058806,7371.027933,4925.757576,5128.308657,4537.417169,4958.462483,5321.08305,4856.8492,4086.326071,4787.023088,5273.752922,4986.327797,5242.650433,5449.41985,5799.395295,5692.665647,5565.915193,5538.123716,5966.327635,5785.043673,5282.763736,,,East Asia & Pacific
Solomon Islands,SLB,Energy use (kg of oil equivalent per capita),EG.USE.PCAP.KG.OE,,,,,,,,,,,,,,,,,,,,,,,,,,,,,,,160.8520524,,,,,,,,,,,,,,122.2053429,120.0629295,120.0177382,127.9600765,,,,,,,,,,,,,,,,,,,East Asia & Pacific
Sierra Leone,SLE,Energy use (kg of oil equivalent per capita),EG.USE.PCAP.KG.OE,,,,,,,,,,,,,,,,,,,,,,,,,,,,,,,,,,,,,,,,,,,,,,,,,,,,,,,,,,,,,,,,,,,Sub-Saharan Africa
El Salvador,SLV,Energy use (kg of oil equivalent per capita),EG.USE.PCAP.KG.OE,,,,,,,,,,,,,,,,,,,,,,,,,,,,,,,457.240593,494.0063694,507.3029752,526.9883573,552.8526512,583.227528,553.0007818,608.2775579,621.5951239,641.2478608,537.1109675,568.0056906,582.4536587,622.3866572,627.6044643,643.9031522,686.9578276,694.5373117,702.3006958,689.4224675,697.0369273,692.505313,701.4574046,660.0941502,649.0431757,674.3539967,686.997805,674.6654416,694.5677552,734.7993698,669.9068941,722.1445789,768.6720202,793.5380192,,,Latin America & Caribbean
San Marino,SMR,Energy use (kg of oil equivalent per capita),EG.USE.PCAP.KG.OE,,,,,,,,,,,,,,,,,,,,,,,,,,,,,,,,,,,,,,,,,,,,,,,,,,,,,,,,,,,,,,,,,,,Europe & Central Asia
"Somalia, Fed. Rep.",SOM,Energy use (kg of oil equivalent per capita),EG.USE.PCAP.KG.OE,,,,,,,,,,,,,,,,,,,,,,,,,,,,,,,,,,,,,,,,,,,,,,,,,,,,,,,,,,,,,,,,,,,Sub-Saharan Africa
Serbia,SRB,Energy use (kg of oil equivalent per capita),EG.USE.PCAP.KG.OE,,,,,,,,,,,,,,,,,,,,,,,,,,,,,,,2474.742054,2180.94426,2006.926538,1706.639454,1570.448593,1782.195879,2141.601648,2273.725496,2273.875035,1657.591063,1801.481203,1965.152521,2097.949992,2211.043372,2418.722278,2152.466052,2293.679132,2241.568128,2292.389924,2073.56721,2145.491447,2241.326782,2023.831359,2082.014932,1861.596805,2080.590601,2165.838893,2224.785153,2200.404103,2201.720121,2291.608187,2355.242308,2440.916585,2378.082818,,,Europe & Central Asia
Sub-Saharan Africa (excluding high income),SSA,Energy use (kg of oil equivalent per capita),EG.USE.PCAP.KG.OE,,,,,,,,,,,,,,,,,,,,,,,,,,,,,,,558.494846,562.5045459,546.2785752,547.8399779,545.7692086,554.1696127,557.912612,560.3869598,549.1871744,544.5796072,516.2479364,507.6383959,497.5767384,515.2719002,525.7858375,519.7197282,518.0584569,523.3354256,539.8023682,535.0880674,531.6854063,546.37952,528.9514991,530.6776688,535.0557429,518.692741,520.469809,510.1764878,496.8977074,506.9670771,492.8052983,506.3436391,497.6379326,491.7366251,,,
South Sudan,SSD,Energy use (kg of oil equivalent per capita),EG.USE.PCAP.KG.OE,,,,,,,,,,,,,,,,,,,,,,,,,,,,,,,,,,,,,,,,,,,,,,,,,,,,,59.2749173,60.54848905,62.14842522,76.39156178,70.83268937,69.99972487,76.5379793,75.6565715,72.07928592,73.06423246,70.12477454,68.66049903,,,Sub-Saharan Africa
Sub-Saharan Africa,SSF,Energy use (kg of oil equivalent per capita),EG.USE.PCAP.KG.OE,,,,,,,,,,,,,,,,,,,,,,,,,,,,,,,538.9572377,542.000991,526.6430391,528.122109,526.249466,533.7155834,536.995309,538.9466872,528.8803914,524.5834578,499.3451071,492.0016154,482.9788108,498.7396385,508.5119618,502.7591134,501.326866,506.0952878,520.4037731,516.179905,513.1219681,526.4700944,511.2776818,513.2841305,517.6299629,503.0928176,505.055249,495.7323403,484.2332148,493.3237691,480.0298141,491.2016327,484.1717476,479.3200854,,,
Small states,SST,Energy use (kg of oil equivalent per capita),EG.USE.PCAP.KG.OE,,,,,,,,,,,,,,,,,,,,,,,,,,,,,,,2179.963012,,,,,,,,,,,,,,2178.469668,2295.858868,2509.788208,2661.033442,,,,,,,,,,,,,,,,,,,
Sao Tome and Principe,STP,Energy use (kg of oil equivalent per capita),EG.USE.PCAP.KG.OE,,,,,,,,,,,,,,,,,,,,,,,,,,,,,,,190.7272239,,,,,,,,,,,,,,240.9562157,266.0249074,265.6395272,259.2810843,,,,,,,,,,,,,,,,,,,Sub-Saharan Africa
Suriname,SUR,Energy use (kg of oil equivalent per capita),EG.USE.PCAP.KG.OE,,,,,,,,,,,,,,,,,,,,,,,,,,,,,,,,,,,,,,,,,1279.910099,1352.000511,963.4145261,1004.172078,1086.028629,1231.361663,1174.719074,1117.324321,1176.346439,1163.893038,1351.362141,1676.952219,1411.638244,1713.837468,1785.948769,1577.311729,1728.650717,1613.954643,1523.998993,1730.837081,1688.413785,1698.951741,1738.823455,1695.16379,,,Latin America & Caribbean
Slovak Republic,SVK,Energy use (kg of oil equivalent per capita),EG.USE.PCAP.KG.OE,,,,,,,,,,,,,,,,,,,,,,,,,,,,,,,4024.819241,3606.71088,3410.884705,3334.954406,3260.77284,3315.205717,3364.398278,3362.06121,3256.704314,3271.601232,3292.778556,3456.890281,3484.031086,3468.936285,3416.398661,3504.643761,3469.449605,3321.106913,3406.383722,3107.879884,3441.256476,3339.087389,3220.505526,3260.444397,3013.302939,3131.862829,3159.568047,3316.82597,3269.57252,3128.363379,3032.642695,3305.899128,3089.145746,3054.724382,3010.73271,,Europe & Central Asia
Slovenia,SVN,Energy use (kg of oil equivalent per capita),EG.USE.PCAP.KG.OE,,,,,,,,,,,,,,,,,,,,,,,,,,,,,,,2857.564475,2778.941377,2584.419271,2715.395795,2827.91079,3049.394076,3180.199265,3310.410121,3253.817915,3242.497347,3281.078593,3484.359323,3484.570905,3539.509124,3638.843808,3763.904458,3735.024313,3757.027129,3952.122097,3514.075272,3589.608695,3580.693649,3428.897862,3334.759013,3236.590207,3195.475123,3296.735004,3390.662816,3341.099715,3267.296719,3068.819396,3144.093516,3045.944586,2895.951346,3025.261601,,Europe & Central Asia
Sweden,SWE,Energy use (kg of oil equivalent per capita),EG.USE.PCAP.KG.OE,,,,,,,,,,,,,,,,,,,,,,,,,,,,,,,5514.198277,5650.162838,5369.069868,5333.873573,5659.952585,5701.87028,5824.799226,5683.458389,5783.406865,5675.237732,5375.751512,5701.682068,5826.341893,5676.548345,5872.975544,5711.642142,5532.762657,5464.456137,5383.764797,4891.392192,5443.323668,5281.400963,5295.928066,5178.934938,4997.879904,4573.58908,4858.899405,4926.811175,4966.261118,4781.875683,4284.998056,4558.744207,4323.665721,4288.833339,4308.308815,,Europe & Central Asia
Eswatini,SWZ,Energy use (kg of oil equivalent per capita),EG.USE.PCAP.KG.OE,,,,,,,,,,,,,,,,,,,,,,,,,,,,,,,1171.4955,1081.289141,1001.647105,905.4484325,1008.442527,991.5557939,896.1296722,950.8659353,952.5464434,967.7274173,913.6982675,896.4470076,895.0400204,877.5745033,855.6226663,858.5217077,900.4217811,902.8670739,888.9203266,995.2767835,835.8800668,1001.700118,995.6667545,1022.692224,1005.26402,1046.22425,1035.269624,996.6322158,989.871024,1023.138853,1005.223007,964.6928108,965.7555733,1007.282285,,,Sub-Saharan Africa
Sint Maarten (Dutch part),SXM,Energy use (kg of oil equivalent per capita),EG.USE.PCAP.KG.OE,,,,,,,,,,,,,,,,,,,,,,,,,,,,,,,,,,,,,,,,,,,,,,,,,,,,,,,,,,,,,,,,,,,Latin America & Caribbean
Seychelles,SYC,Energy use (kg of oil equivalent per capita),EG.USE.PCAP.KG.OE,,,,,,,,,,,,,,,,,,,,,,,,,,,,,,,540.8088394,,,,,,,,,,,,,,3103.9709,2751.695672,2872.340426,2410.828737,,,,,,,,,,,,,,,,,,,Sub-Saharan Africa
Syrian Arab Republic,SYR,Energy use (kg of oil equivalent per capita),EG.USE.PCAP.KG.OE,,,,,,,,,,,,,,,,,,,,,,,,,,,,,,,832.0183315,878.2772315,814.8196454,794.6048526,805.0043921,827.6007791,850.4544028,899.5329468,977.3041155,948.5596371,928.4331814,929.3738106,942.4826529,924.928081,943.0406779,1105.305011,1101.638215,1084.273137,1066.137193,977.7284738,964.4553112,966.2965359,755.976123,531.8610419,536.298993,511.0308358,498.9102628,511.8012411,542.0763876,501.0433691,456.6301425,419.0065585,392.3169415,395.8922604,,,Middle East & North Africa
Turks and Caicos Islands,TCA,Energy use (kg of oil equivalent per capita),EG.USE.PCAP.KG.OE,,,,,,,,,,,,,,,,,,,,,,,,,,,,,,,,,,,,,,,,,,,,,,,,,,,,,,,,,,,,,,,,,,,
Chad,TCD,Energy use (kg of oil equivalent per capita),EG.USE.PCAP.KG.OE,,,,,,,,,,,,,,,,,,,,,,,,,,,,,,,296.8590444,283.4162675,280.7796519,295.0469106,287.3882896,280.1233779,278.1305424,259.1463309,255.7829663,248.0507836,241.6520527,242.4642362,240.3761969,237.5385397,224.3241188,228.5157649,224.0101071,218.8388677,217.0806787,224.0707614,219.1083739,208.5740306,229.3651359,227.2869629,221.1441001,217.0458996,212.8502893,203.8744684,199.975862,190.1007561,198.3033346,203.2115,198.9291474,187.8740095,,,Sub-Saharan Africa
East Asia & Pacific (IDA & IBRD countries),TEA,Energy use (kg of oil equivalent per capita),EG.USE.PCAP.KG.OE,,,,,,,,,,,,,,,,,,,,,,,,,,,,,,,694.4557123,677.3961274,693.5757571,726.0777154,748.7304593,793.6059999,808.9656699,808.3096074,797.8137336,808.0177785,822.6279328,839.9830292,885.4089372,979.9544261,1090.488599,1179.117191,1262.856882,1337.776001,1366.297821,1435.703725,1560.588769,1646.2918,1691.332164,1737.477907,1769.374521,1761.996482,1753.419399,1803.888526,1885.328792,1951.848277,1988.382413,2097.427983,2147.112166,2266.244545,,,
Europe & Central Asia (IDA & IBRD countries),TEC,Energy use (kg of oil equivalent per capita),EG.USE.PCAP.KG.OE,,,,,,,,,,,,,,,,,,,,,,,,,,,,,,,3889.582455,3779.573834,3430.458362,3213.365601,2853.310039,2794.269638,2758.760894,2658.980989,2590.269901,2599.19289,2628.023376,2633.572258,2657.568238,2761.678284,2803.458065,2813.114835,2910.9561,2948.044296,2989.964247,2770.589001,2969.526559,3052.101592,3030.951652,2953.341946,2877.039688,2808.465424,2885.368382,2945.416143,3058.295988,2974.621523,2934.882087,3249.590527,3159.783429,3083.961829,,,
Togo,TGO,Energy use (kg of oil equivalent per capita),EG.USE.PCAP.KG.OE,,,,,,,,,,,,,,,,,,,,,,,,,,,,,,,315.9536515,314.4211963,309.3937835,312.7936961,352.437031,355.1472143,383.6781716,366.369587,380.6665395,423.0879668,410.709756,399.0750457,403.0039216,414.9306408,408.6810444,405.9778411,394.055905,397.6555397,402.3785226,475.8096401,462.9805727,453.3651618,440.167543,416.7042513,423.5647477,400.7073271,422.7854571,403.8936362,411.0550335,414.1034718,424.7930191,422.4846977,425.4338528,429.1626012,,,Sub-Saharan Africa
Thailand,THA,Energy use (kg of oil equivalent per capita),EG.USE.PCAP.KG.OE,,,,,,,,,,,,,,,,,,,,,,,,,,,,,,,774.4947701,825.4798725,865.7043091,899.1255534,979.262431,1052.280211,1160.58015,1166.795666,1079.805954,1138.849298,1153.045522,1174.202792,1286.144037,1379.291757,1477.384809,1508.580261,1525.126558,1569.872373,1596.828355,1578.761073,1718.621184,1704.823341,1818.192043,1943.92304,1926.225826,1932.67391,1985.005309,1988.137815,1951.855636,1989.812342,1884.350737,1848.063361,1867.469683,1851.272314,,,East Asia & Pacific
Tajikistan,TJK,Energy use (kg of oil equivalent per capita),EG.USE.PCAP.KG.OE,,,,,,,,,,,,,,,,,,,,,,,,,,,,,,,983.163633,915.1153392,733.4108795,566.6724911,427.103287,374.033375,354.100052,348.7013805,364.417668,360.5288588,341.8737675,330.9761282,325.6798851,325.5814743,345.2610403,337.9159373,341.8637118,358.4276832,334.3626373,284.6515615,284.3312494,278.854523,294.8556558,288.3949606,301.6149649,318.6982774,326.5692188,328.7817689,347.7114616,370.7788757,375.3673792,367.7690419,374.5473321,393.055078,,,Europe & Central Asia
Turkmenistan,TKM,Energy use (kg of oil equivalent per capita),EG.USE.PCAP.KG.OE,,,,,,,,,,,,,,,,,,,,,,,,,,,,,,,4643.226138,3927.357632,2632.476996,2603.234505,3232.603983,3267.471301,2805.875013,2762.253761,2840.417721,3302.132237,3247.636692,2700.883449,2214.750447,3005.353069,3714.875227,3554.401164,3604.174629,3507.127908,4237.036189,3647.890548,4077.667905,4314.985282,4232.430084,3952.268485,3758.606672,3722.78313,3589.909548,3558.319019,3427.906244,3462.254926,3393.063714,5109.26062,4841.280393,4558.646394,,,Europe & Central Asia
Latin America & the Caribbean (IDA & IBRD countries),TLA,Energy use (kg of oil equivalent per capita),EG.USE.PCAP.KG.OE,,,,,,,,,,,,,,,,,,,,,,,,,,,,,,,1038.189643,1053.228814,1065.272482,1058.910347,1099.107908,1088.418803,1117.784031,1145.309918,1169.842408,1183.661952,1172.317809,1158.315411,1187.243706,1206.75608,1235.029301,1266.08787,1290.686236,1317.05517,1334.294002,1286.350654,1354.60638,1366.45494,1393.631698,1436.985961,1417.740686,1394.149755,1366.62105,1350.616202,1313.114997,1319.519893,1224.425043,1300.445401,1310.79284,1329.863582,1487.379163,,
Timor-Leste,TLS,Energy use (kg of oil equivalent per capita),EG.USE.PCAP.KG.OE,,,,,,,,,,,,,,,,,,,,,,,,,,,,,,,,,,,,,,,,,,,,,62.42775064,61.16137006,60.4138657,60.70322195,,,,,,,,,,,,,,,,,,,East Asia & Pacific
"Middle East, North Africa, Afghanistan & Pakistan (IDA & IBRD)",TMN,Energy use (kg of oil equivalent per capita),EG.USE.PCAP.KG.OE,,,,,,,,,,,,,,,,,,,,,,,,,,,,,,,663.1919531,668.6644137,698.743797,728.8869901,757.8801174,769.6430054,756.2709363,799.2036662,782.525373,801.6403201,788.1083653,823.4193332,825.9336233,828.8672698,872.414235,923.9926425,936.1314177,956.183478,979.1292283,978.2356846,973.7027221,971.3692242,987.8313436,973.1829095,1003.786254,966.4059616,1001.102847,1050.191308,1038.185017,1065.408249,1023.011789,1066.10388,1047.299018,1080.495247,,,
Tonga,TON,Energy use (kg of oil equivalent per capita),EG.USE.PCAP.KG.OE,,,,,,,,,,,,,,,,,,,,,,,,,,,,,,,254.2182949,,,,,,,,,,,,,,542.4903161,539.4100557,536.4554413,543.4477072,,,,,,,,,,,,,,,,,,,East Asia & Pacific
South Asia (IDA & IBRD),TSA,Energy use (kg of oil equivalent per capita),EG.USE.PCAP.KG.OE,,,,,,,,,,,,,,,,,,,,,,,,,,,,,,,300.0886428,306.4456408,311.2104137,314.1612365,321.9439181,334.7333644,340.3517921,348.1372502,350.1442548,363.48686,366.0286001,365.8840525,369.3301828,372.3880092,386.2075687,395.6258559,410.7167743,428.2882098,446.4911809,471.61145,492.4905857,506.2136791,528.9892391,534.9884188,564.9294059,577.1801493,584.6776092,603.6376187,621.3111189,621.7682189,592.3705132,633.38163,675.790023,704.46255,,,
Sub-Saharan Africa (IDA & IBRD countries),TSS,Energy use (kg of oil equivalent per capita),EG.USE.PCAP.KG.OE,,,,,,,,,,,,,,,,,,,,,,,,,,,,,,,538.9572377,542.000991,526.6430391,528.122109,526.249466,533.7155834,536.995309,538.9466872,528.8803914,524.5834578,499.3451071,492.0016154,482.9788108,498.7396385,508.5119618,502.7591134,501.326866,506.0952878,520.4037731,516.179905,513.1219681,526.4700944,511.2776818,513.2841305,517.6299629,503.0928176,505.055249,495.7323403,484.2332148,493.3237691,480.0298141,491.2016327,484.1717476,479.3200854,,,
Trinidad and Tobago,TTO,Energy use (kg of oil equivalent per capita),EG.USE.PCAP.KG.OE,,,,,,,,,,,,,,,,,,,,,,,,,,,,,,,4782.47609,4715.659043,5145.255623,4759.585523,4796.417282,4619.728048,5651.928089,5812.915,6250.909156,7068.102335,7575.588963,8336.823023,8990.734417,10077.81246,10262.12904,12423.56831,13820.64675,14651.43926,14167.28346,14193.29908,15018.90978,14838.98829,14480.16911,14331.49854,14611.61822,14043.97598,12250.99269,12330.86332,12397.10074,12492.89846,10700.59675,11212.00754,10999.46206,10590.42821,,,Latin America & Caribbean
Tunisia,TUN,Energy use (kg of oil equivalent per capita),EG.USE.PCAP.KG.OE,,,,,,,,,,,,,,,,,,,,,,,,,,,,,,,594.3180713,576.2787214,627.5098171,598.6847284,635.5453566,633.6472797,652.8433744,664.2874326,714.8930701,730.2043729,748.2738312,781.4001218,783.697922,797.1583346,832.5546718,810.8369297,845.9856047,865.7644565,894.3041608,859.9629254,955.7070474,902.9030411,930.1686346,935.7970997,939.769133,952.9839551,955.1764939,973.9534815,973.0743413,950.6142637,896.515594,964.474883,956.0411189,901.5448465,,,Middle East & North Africa
Turkiye,TUR,Energy use (kg of oil equivalent per capita),EG.USE.PCAP.KG.OE,,,,,,,,,,,,,,,,,,,,,,,,,,,,,,,918.2618882,887.1628124,911.3091245,955.1185529,927.1816631,997.9675363,1073.1275,1109.805794,1111.047592,1079.909995,1166.01412,1060.57072,1107.27991,1159.996658,1176.754302,1211.465616,1328.692301,1429.923006,1385.178015,1364.097304,1445.410164,1515.880336,1567.316061,1510.79119,1543.090957,1646.836311,1724.54364,1828.029868,1771.337429,1774.196257,1762.010622,1894.627193,1841.556307,1849.535923,1924.938151,,Europe & Central Asia
Tuvalu,TUV,Energy use (kg of oil equivalent per capita),EG.USE.PCAP.KG.OE,,,,,,,,,,,,,,,,,,,,,,,,,,,,,,,,,,,,,,,,,,,,,,,,,,,,,,,,,,,,,,,,,,,East Asia & Pacific
Tanzania,TZA,Energy use (kg of oil equivalent per capita),EG.USE.PCAP.KG.OE,,,,,,,,,,,,,,,,,,,,,,,,,,,,,,,297.57621,297.7257493,296.3662935,307.1664288,354.1361519,362.6722421,360.8008578,357.5379421,370.8682153,383.7770829,394.214041,397.6229932,406.2852142,411.3608066,415.1385922,426.6318796,429.7701387,419.6096159,415.3305945,415.3535906,421.0772347,433.1477753,425.1997287,432.3831233,414.9565497,420.0731274,416.6573892,406.5825861,403.2463055,414.6998025,404.414101,404.1806403,406.5591975,400.7990363,,,Sub-Saharan Africa
Uganda,UGA,Energy use (kg of oil equivalent per capita),EG.USE.PCAP.KG.OE,,,,,,,,,,,,,,,,,,,,,,,,,,,,,,,402.0709447,402.55409,403.3202029,398.8441646,395.5053529,398.1403117,401.1924389,399.6824572,395.9342954,389.8213294,386.5845954,386.0897082,387.3181,388.3810691,388.6401318,392.2821589,393.8426913,396.6300262,402.6512736,414.7352151,421.0979699,429.2253118,436.0758351,449.34094,455.9976095,470.5261069,473.5777428,468.5304292,468.498654,455.4268685,475.329485,483.4271001,488.2106163,497.3903378,,,Sub-Saharan Africa
Ukraine,UKR,Energy use (kg of oil equivalent per capita),EG.USE.PCAP.KG.OE,,,,,,,,,,,,,,,,,,,,,,,,,,,,,,,4841.719049,4837.212844,4196.074145,3716.778586,3183.563759,3168.700526,2927.925728,2825.738603,2693.732438,2702.79946,2700.10061,2730.984993,2786.004987,2914.066963,2957.984993,2964.777016,2866.623473,2961.883517,2875.896578,2453.439574,2848.781601,2732.88427,2650.998616,2517.911323,2298.607786,2027.641682,2007.977942,1967.835352,2068.756084,1987.624733,1932.921823,2096.062176,1479.47225,1508.277913,,,Europe & Central Asia
Upper middle income,UMC,Energy use (kg of oil equivalent per capita),EG.USE.PCAP.KG.OE,,,,,,,,,,,,,,,,,,,,,,,,,,,,,,,1030.941672,1012.90693,997.6843326,1005.343809,1009.885343,1043.992008,1049.210593,1056.055045,1044.558702,1049.553666,1059.834924,1071.900324,1108.878654,1198.256573,1303.316066,1378.162618,1454.125347,1527.043793,1561.867326,1591.479929,1703.745761,1779.139324,1817.893993,1855.13372,1874.508867,1849.507612,1845.322158,1888.491693,1941.346,1998.873722,1996.526717,2116.014845,2136.831823,2238.698576,,,
Uruguay,URY,Energy use (kg of oil equivalent per capita),EG.USE.PCAP.KG.OE,,,,,,,,,,,,,,,,,,,,,,,,,,,,,,,724.6231589,781.6535298,858.9454997,796.4897277,757.0373236,805.4563843,884.1619613,893.5866951,914.8946326,994.9126204,948.5957013,831.8844845,772.0083483,774.9713272,884.9703634,916.6986128,990.4880243,985.9057325,1274.169495,1254.736289,1226.984085,1327.778788,1407.517573,1378.790927,1397.557776,1491.048972,1550.982996,1512.838188,1560.978979,1540.782512,1531.600556,1643.325754,1623.820451,1771.527292,,,Latin America & Caribbean
United States,USA,Energy use (kg of oil equivalent per capita),EG.USE.PCAP.KG.OE,,,,,,,,,,,,,,,,,,,,,,,,,,,,,,,7669.451269,7629.847154,7675.636556,7708.101611,7755.082521,7760.890353,7841.592886,7825.236638,7800.439491,7920.053923,8055.145489,7824.243939,7840.460959,7791.303915,7878.537171,7843.391057,7694.406579,7756.014189,7484.832689,7053.358467,7162.55933,7009.64608,6820.460621,6888.381437,6915.641653,6789.647333,6663.496329,6590.835097,6738.272724,6700.93034,6141.531258,6445.834092,6511.688414,6363.500158,6359.439799,,North America
Uzbekistan,UZB,Energy use (kg of oil equivalent per capita),EG.USE.PCAP.KG.OE,,,,,,,,,,,,,,,,,,,,,,,,,,,,,,,2315.798305,2291.772848,2098.831321,2130.918626,2062.210841,1713.580685,1744.870316,1746.59887,1789.468213,1842.939059,1871.113155,1868.130815,1912.256294,1827.887042,1784.513364,1666.134987,1699.258921,1638.453609,1660.637633,1492.274785,1596.923723,1607.25299,1391.812104,1354.111206,1242.647728,1167.293851,1211.946085,1255.977546,1276.085329,1289.078176,1351.141236,1465.185135,1381.805171,1394.090467,,,Europe & Central Asia
St. Vincent and the Grenadines,VCT,Energy use (kg of oil equivalent per capita),EG.USE.PCAP.KG.OE,,,,,,,,,,,,,,,,,,,,,,,,,,,,,,,263.2445712,,,,,,,,,,,,,,584.9248903,595.8203646,624.9218848,627.6281931,,,,,,,,,,,,,,,,,,,Latin America & Caribbean
"Venezuela, RB",VEN,Energy use (kg of oil equivalent per capita),EG.USE.PCAP.KG.OE,,,,,,,,,,,,,,,,,,,,,,,,,,,,,,,1997.564791,2037.301825,2226.554811,2027.599672,2299.117851,2111.337701,2203.626448,2149.907707,2218.431877,2399.162107,2391.36796,2188.406067,2648.886525,2432.126305,2305.028052,2371.583407,2377.640285,2391.337881,2346.011638,2231.754587,2621.207023,2309.906612,2310.752695,2529.209749,2173.570931,2098.46944,2009.068145,1933.191147,1451.394906,1379.7344,1093.431607,1409.826238,1364.683512,1331.232841,,,Latin America & Caribbean
British Virgin Islands,VGB,Energy use (kg of oil equivalent per capita),EG.USE.PCAP.KG.OE,,,,,,,,,,,,,,,,,,,,,,,,,,,,,,,,,,,,,,,,,,,,,,,,,,,,,,,,,,,,,,,,,,,Latin America & Caribbean
Virgin Islands (U.S.),VIR,Energy use (kg of oil equivalent per capita),EG.USE.PCAP.KG.OE,,,,,,,,,,,,,,,,,,,,,,,,,,,,,,,,,,,,,,,,,,,,,,,,,,,,,,,,,,,,,,,,,,,Latin America & Caribbean
Viet Nam,VNM,Energy use (kg of oil equivalent per capita),EG.USE.PCAP.KG.OE,,,,,,,,,,,,,,,,,,,,,,,,,,,,,,,272.7802511,270.7488666,276.9332069,294.7475138,289.6770045,304.0585384,315.9605399,335.5656811,352.5127597,358.0754262,372.4867382,393.0816273,424.5724495,441.3315012,485.4327054,509.2451266,515.0750425,544.6731834,572.0995423,615.1421471,670.1080291,663.5744401,664.3473126,674.6781651,745.6335318,679.445924,738.8795334,757.4799799,885.6468418,987.2714724,991.2812325,962.1995249,1023.057136,1018.069404,,,East Asia & Pacific
Vanuatu,VUT,Energy use (kg of oil equivalent per capita),EG.USE.PCAP.KG.OE,,,,,,,,,,,,,,,,,,,,,,,,,,,,,,,157.4602973,,,,,,,,,,,,,,145.8356627,142.3420004,143.5696985,158.1735028,,,,,,,,,,,,,,,,,,,East Asia & Pacific
World,WLD,Energy use (kg of oil equivalent per capita),EG.USE.PCAP.KG.OE,,,,,,,,,,,,,,,,,,,,,,,,,,,,,,,1626.289448,1611.296093,1584.402666,1576.712274,1564.177829,1577.467031,1592.766757,1585.084212,1569.013907,1580.065797,1590.600863,1584.458514,1597.332973,1635.581025,1682.950441,1708.693045,1735.546454,1759.788333,1760.893643,1723.013273,1797.684562,1804.535229,1804.278599,1811.320542,1810.236117,1790.510934,1785.957032,1804.566975,1827.579581,1829.633299,1762.826574,1852.317436,1852.38309,1866.164636,,,
Samoa,WSM,Energy use (kg of oil equivalent per capita),EG.USE.PCAP.KG.OE,,,,,,,,,,,,,,,,,,,,,,,,,,,,,,,255.7733581,,,,,,,,,,,,,,300.6727553,304.8486988,303.6615186,307.2798843,,,,,,,,,,,,,,,,,,,East Asia & Pacific
Kosovo,XKX,Energy use (kg of oil equivalent per capita),EG.USE.PCAP.KG.OE,,,,,,,,,,,,,,,,,,,,,,,,,,,,,,,,,,,,,,,,,856.9436885,1044.870657,1035.03653,1091.497421,1099.832508,1070.067215,1084.463501,1131.467981,1230.097542,1356.387013,1394.780022,1410.725417,1310.385662,1296.694551,1219.315221,,,,,,,,,,,,Europe & Central Asia
"Yemen, Rep.",YEM,Energy use (kg of oil equivalent per capita),EG.USE.PCAP.KG.OE,,,,,,,,,,,,,,,,,,,,,,,,,,,,,,,180.9815668,211.9756772,222.8814971,185.8063764,186.9663158,204.1397677,201.5318388,207.4254554,214.7488021,234.9609867,241.8845024,260.2912469,244.7658801,264.0705544,279.8913321,289.0307537,299.5429249,283.812949,289.8115287,311.0805626,291.862,240.1924286,210.8277592,281.9531823,259.8159427,119.9940934,71.68796421,150.5704988,204.2354506,199.2218698,183.5402338,166.8251728,171.2493704,154.9962614,,,Middle East & North Africa
South Africa,ZAF,Energy use (kg of oil equivalent per capita),EG.USE.PCAP.KG.OE,,,,,,,,,,,,,,,,,,,,,,,,,,,,,,,2238.59315,2247.251011,2104.603113,2197.400259,2255.954896,2357.973448,2395.088826,2418.365254,2434.783533,2365.701302,2269.370635,2180.265934,2072.057663,2300.850526,2478.003786,2374.435502,2397.990822,2576.78504,2738.084674,2735.006185,2518.441903,2536.414176,2394.397987,2341.179232,2438.678917,2257.194676,2311.769019,2283.458154,2184.877776,2231.910747,2037.461942,2124.622974,1938.306447,1938.50916,,,Sub-Saharan Africa
Zambia,ZMB,Energy use (kg of oil equivalent per capita),EG.USE.PCAP.KG.OE,,,,,,,,,,,,,,,,,,,,,,,,,,,,,,,698.9909959,700.9246466,694.862241,679.4394153,668.0763582,663.3249717,641.7075571,652.3316085,641.720228,629.3708756,596.1949555,597.0438987,604.5625051,611.8607685,612.3895104,608.665949,605.1254812,598.0611371,617.6143302,620.7671953,629.5925539,646.4513928,662.5552045,671.7652664,682.4576329,686.1316901,682.9926551,701.8374541,725.3453668,740.7796239,757.4788177,768.8643021,791.6213856,804.2230602,,,Sub-Saharan Africa
Zimbabwe,ZWE,Energy use (kg of oil equivalent per capita),EG.USE.PCAP.KG.OE,,,,,,,,,,,,,,,,,,,,,,,,,,,,,,,917.2163304,947.2674112,950.9269984,896.5500567,889.068848,896.8028088,878.3243429,853.413365,856.3644131,898.6037542,555.920693,540.270614,519.5818002,477.2007975,449.2720215,479.1905984,494.4348,473.016822,416.1112503,418.0424258,420.1090468,444.8069627,454.7080202,462.8652831,460.3336982,453.5845193,423.264032,413.6872393,441.9024614,439.6763755,394.9192407,405.0045007,447.3859828,472.2289579,,,Sub-Saharan Africa
