Country Name,Country Code,Indicator Name,Indicator Code,1960,1961,1962,1963,1964,1965,1966,1967,1968,1969,1970,1971,1972,1973,1974,1975,1976,1977,1978,1979,1980,1981,1982,1983,1984,1985,1986,1987,1988,1989,1990,1991,1992,1993,1994,1995,1996,1997,1998,1999,2000,2001,2002,2003,2004,2005,2006,2007,2008,2009,2010,2011,2012,2013,2014,2015,2016,2017,2018,2019,2020,2021,2022,2023,2024,2025
Aruba,ABW,Fossil fuel energy consumption (% of total),EG.USE.COMM.FO.ZS,,,,,,,,,,,,,,,,,,,,,,,,,,,,,,,,,,,,,,,,,,,,,,,,,,,,,,,,,,,,,,,,,,
Africa Eastern and Southern,AFE,Fossil fuel energy consumption (% of total),EG.USE.COMM.FO.ZS,,,,,,,,,,,,47.11599293,46.89181423,47.9771819,47.89745154,47.89864525,48.47409992,48.27521845,48.92808207,48.93011269,49.73754706,51.34257943,52.57811841,52.26371753,52.92614236,52.20159518,52.19017859,52.90092884,52.59569061,50.54489838,47.40138186,47.44872834,45.62207266,46.81474814,46.52780802,46.88915184,46.28909666,45.84753731,46.37241186,46.03631478,47.46373747,46.70995102,44.73479464,47.14286416,48.76655595,47.92713924,48.34718286,50.47324542,51.64598137,51.49806361,49.60952238,49.57514152,47.72154634,47.54029559,48.23745667,47.07603025,46.98170959,46.56878036,45.57169305,46.00987283,43.27889553,43.99277682,42.01121596,41.71476412,20.26,
Afghanistan,AFG,Fossil fuel energy consumption (% of total),EG.USE.COMM.FO.ZS,,,,,,,,,,,,,,,,,,,,,,,,,,,,,,,,,,,,,,,,,,,,,,,,,,,,,,,,,,,,,,,,,,
Africa Western and Central,AFW,Fossil fuel energy consumption (% of total),EG.USE.COMM.FO.ZS,,,,,,,,,,,,11.098345,11.89893843,13.7636066,14.22700907,14.95450904,16.19281624,18.1516807,19.77178864,19.87621092,20.85162414,21.99186138,23.18088837,22.63397854,21.1920063,21.30072102,20.40763249,21.05506734,20.64604129,21.12918179,34.50301133,35.81908026,36.8965585,36.21760942,31.80237151,30.83646482,32.64304562,33.58782928,32.8566086,34.23243197,37.92916371,38.8665394,39.02020201,39.98005107,38.13533234,39.79766227,38.2078134,38.1081288,39.04703731,36.56803246,43.945643,46.57961123,44.47870084,44.91567654,47.19445202,45.88027652,47.47228311,45.43495565,44.81206391,47.50505996,46.57322296,46.80803818,47.31320137,46.40354603,,
Angola,AGO,Fossil fuel energy consumption (% of total),EG.USE.COMM.FO.ZS,,,,,,,,,,,,,,,,,,,,,,,,,,,,,,,25.47635212,25.47877468,24.09417885,24.96066416,24.43581619,22.82585924,23.46982057,23.8110647,22.03321058,24.63304554,25.1848948,26.72093874,28.25981974,32.00814482,32.44713992,28.45682989,32.74235396,34.95462547,37.72449352,40.77938406,43.77412693,44.69201798,47.42994886,45.83573044,55.09872613,26.3540803,0,0,0,0,0,0,0,0,,
Albania,ALB,Fossil fuel energy consumption (% of total),EG.USE.COMM.FO.ZS,,,,,,,,,,,,,,,,,,,,,,,,,,,,,,,76.58285327,69.82824331,56.08109002,53.48248693,54.83464746,49.54166874,45.45477259,41.45041846,45.28037643,58.15898832,58.62622522,60.85769743,63.13079253,64.41016812,65.46766838,66.34901632,64.36209553,65.01849464,63.7091916,63.27129499,63.07473062,61.34830548,57.58861587,56.22837288,61.23871571,47.35338698,0,0,0,0,0,0,0,0,,
Andorra,AND,Fossil fuel energy consumption (% of total),EG.USE.COMM.FO.ZS,,,,,,,,,,,,,,,,,,,,,,,,,,,,,,,,,,,,,,,,,,,,,,,,,,,,,,,,,,,,,,,,,,
Arab World,ARB,Fossil fuel energy consumption (% of total),EG.USE.COMM.FO.ZS,,,,,,,,,,,,82.24651922,83.05676982,84.6192628,85.51937007,85.79917066,86.85521858,87.51701231,88.77404858,90.28759986,91.3723233,91.57370409,92.24483063,93.26320586,93.38499004,92.87900068,93.41555509,93.67183336,94.28902492,94.40860245,93.59118772,93.78685843,94.32980122,94.5817631,94.42701305,94.49032976,94.50783493,94.65161114,94.68186332,94.61408489,94.73230066,94.87289613,95.05696384,95.12224952,95.04338502,95.3455291,95.50643474,95.82484545,96.2192531,96.28812876,96.36338072,96.45831101,96.55125494,96.48862965,96.67705946,96.75968003,96.83405945,96.88179312,96.80976797,96.62467071,96.29049309,96.06523225,95.74767258,95.33337265,,
United Arab Emirates,ARE,Fossil fuel energy consumption (% of total),EG.USE.COMM.FO.ZS,,,,,,,,,,,,,,,,,,,,,,,,,,,,,,,,,99.94133084,99.97288342,,,99.96296997,,,,,92.21394346,92.70304075,92.58788365,,99.9794221,99.7541027,99.75982544,99.78528356,95.55028675,,97.6888674,98.47229391,98.35249482,80.13354493,22.53484826,0,0,0,0,0,0,0,0,,
Argentina,ARG,Fossil fuel energy consumption (% of total),EG.USE.COMM.FO.ZS,,,,,,,,,,,,,,,,,,,,,,,,,,,,,,,92.24597749,91.64894348,93.52698725,89.75706115,87.49440765,89.04782713,90.20318302,89.19099064,86.58896889,87.56728919,88.96886145,88.13234976,86.51165221,85.69969422,87.93356138,88.74292969,91.31115775,89.08220821,92.17482841,96.14567343,93.38688311,91.94288413,89.94028741,89.93210415,92.38366222,56.28773765,0,0,0,0,0,0,0,0,0,
Armenia,ARM,Fossil fuel energy consumption (% of total),EG.USE.COMM.FO.ZS,,,,,,,,,,,,,,,,,,,,,,,,,,,,,,,97.03174468,96.5051536,92.7111552,82.05930978,76.96080118,84.23749435,57.64695969,70.62739187,72.11679163,65.24601791,70.04174531,71.16956794,61.8023159,65.70554651,66.89547996,68.09214588,67.48953711,70.54486021,73.27760399,68.19935696,67.39505361,71.54200207,77.32224246,75.48868767,69.98220831,63.48193418,0,0,0,0,0,0,0,0,,
American Samoa,ASM,Fossil fuel energy consumption (% of total),EG.USE.COMM.FO.ZS,,,,,,,,,,,,,,,,,,,,,,,,,,,,,,,,,,,,,,,,,,,,,,,,,,,,,,,,,,,,,,,,,,
Antigua and Barbuda,ATG,Fossil fuel energy consumption (% of total),EG.USE.COMM.FO.ZS,,,,,,,,,,,,,,,,,,,,,,,,,,,,,,,0,,,,,,,,,,,,,,0,0,0,0,,,,,,,,,,,,,,,,,,
Australia,AUS,Fossil fuel energy consumption (% of total),EG.USE.COMM.FO.ZS,,,,,,,,,,,,,,,,,,,,,,,,,,,,,,,94.16917602,93.74034554,94.40511162,93.49800222,93.45644121,94.01624499,93.46121398,93.51010275,93.8734619,93.92265534,89.32304262,98.04703948,98.23537742,93.9279843,94.07874686,94.21076669,94.33483755,94.52790817,94.56509429,95.81456189,94.91911226,95.1933823,95.08588829,92.60743883,92.130325,92.40859026,0,0,0,0,0,0,0,0,0,
Austria,AUT,Fossil fuel energy consumption (% of total),EG.USE.COMM.FO.ZS,,,,,,,,,,,,,,,,,,,,,,,,,,,,,,,79.12398616,79.11933408,77.2299701,77.00328847,77.57848955,77.97187693,78.19005432,78.40486563,78.50693482,76.59959765,76.52565381,76.88952354,77.35048021,78.473944,78.34566661,77.0533448,74.22043699,72.80174984,71.63023658,69.44616376,70.0277215,69.05413775,67.08852338,66.15628469,65.03752938,65.74467186,0,0,0,0,0,0,0,0,0,
Azerbaijan,AZE,Fossil fuel energy consumption (% of total),EG.USE.COMM.FO.ZS,,,,,,,,,,,,,,,,,,,,,,,,,,,,,,,99.88681518,99.88464422,99.30680989,98.57256298,98.65201179,98.64558293,98.38246937,97.88653099,98.22767886,98.04042427,98.27631417,98.37476502,97.29762139,96.93281524,97.11796846,97.10033202,97.58807306,94.56044929,94.15705003,93.89349072,94.97593429,95.99134066,96.87208581,96.64426553,96.81391491,50.90975651,0,0,0,0,0,0,0,0,,
Burundi,BDI,Fossil fuel energy consumption (% of total),EG.USE.COMM.FO.ZS,,,,,,,,,,,,,,,,,,,,,,,,,,,,,,,,,,,,,,,,,,,,,,,,,,,,,,,,,,,,,,,,,,
Belgium,BEL,Fossil fuel energy consumption (% of total),EG.USE.COMM.FO.ZS,,,,,,,,,,,,,,,,,,,,,,,,,,,,,,,75.90299642,76.45130588,75.90775145,76.00157693,77.65316137,77.49192249,77.76873189,75.75732119,76.8088293,75.81602208,75.93949691,76.00659111,74.37459123,74.97189743,74.71997184,74.84448614,74.28097352,73.1451128,73.79489963,73.13598196,73.17808696,70.6589524,71.45191706,70.77947555,72.76011771,76.29595322,0,0,0,0,0,0,0,0,0,
Benin,BEN,Fossil fuel energy consumption (% of total),EG.USE.COMM.FO.ZS,,,,,,,,,,,,,,,,,,,,,,,,,,,,,,,4.838158906,3.854013717,3.930581007,3.834838399,3.864895909,3.780218388,13.32999988,17.3193839,17.32798206,21.00423649,25.48294224,27.46173201,29.64356604,32.07373486,32.81843364,31.04592233,36.32131391,39.66512355,39.07161371,39.79761462,42.59879875,41.55329377,39.07338322,37.74701978,38.86574613,40.54839431,0,0,0,0,0,0,0,0,,
Burkina Faso,BFA,Fossil fuel energy consumption (% of total),EG.USE.COMM.FO.ZS,,,,,,,,,,,,,,,,,,,,,,,,,,,,,,,0,0,0,0,0,0,0,0,0,0,0,0,0,0,0,0,0,0,0,0,0,0,0,0,0,0,0,0,0,0,0,0,0,0,,
Bangladesh,BGD,Fossil fuel energy consumption (% of total),EG.USE.COMM.FO.ZS,,,,,,,,,,,,,,,,,,,,,,,,,,,,,,,45.43336999,44.5856206,46.6727738,50.02791664,50.19371532,54.73364697,56.27277886,56.83060809,58.54375449,56.74202406,57.8359629,59.7897869,60.71491157,62.26456034,62.2143764,62.40824273,64.72994336,65.7933629,67.04459728,68.65579273,72.7300354,73.71046184,74.8241218,72.85308658,74.18089656,71.28535295,0,0,0,0,0,0,0,0,,
Bulgaria,BGR,Fossil fuel energy consumption (% of total),EG.USE.COMM.FO.ZS,,,,,,,,,,,,,,,,,,,,,,,,,,,,,,,84.6610509,80.07435277,82.53414197,81.96568958,79.90316147,78.81425896,77.48709334,76.77415187,75.79158042,74.73396315,72.40143939,73.18700432,70.49287386,74.11763979,74.00911484,72.92488723,72.33620332,77.75292262,76.18254406,73.47421343,73.86176126,75.75637062,72.77414296,70.50703001,71.91611045,36.00445404,0,0,0,0,0,0,0,0,,
Bahrain,BHR,Fossil fuel energy consumption (% of total),EG.USE.COMM.FO.ZS,,,,,,,,,,,,,,,,,,,,,,,,,,,,,,,95.9741336,96.1404337,95.33100897,96.95116177,96.63913916,99.73398969,96.81332349,99.87385501,,96.60162094,97.44811068,97.84589857,97.90490408,98.11197061,97.38849256,98.02726794,,94.97699503,99.57592595,99.44518086,,98.58043345,,98.83971877,,1.883193534,0,0,0,0,0,0,0,0,,
"Bahamas, The",BHS,Fossil fuel energy consumption (% of total),EG.USE.COMM.FO.ZS,,,,,,,,,,,,,,,,,,,,,,,,,,,,,,,0,,,,,,,,,,,,,,0,0,0,0,,,,,,,,,,,,,,,,,,
Bosnia and Herzegovina,BIH,Fossil fuel energy consumption (% of total),EG.USE.COMM.FO.ZS,,,,,,,,,,,,,,,,,,,,,,,,,,,,,,,93.92451744,93.78111897,91.17077356,89.58437546,67.3951251,67.9827283,72.99408189,84.74509418,85.61256027,84.80466075,87.89339537,87.29579545,87.74936372,88.87655876,89.00046678,88.50918811,90.49182222,91.07041299,92.31808369,92.60394715,91.65236474,93.9960055,91.94742299,92.50374181,,85.32545627,0,0,0,0,0,0,0,0,,
Belarus,BLR,Fossil fuel energy consumption (% of total),EG.USE.COMM.FO.ZS,,,,,,,,,,,,,,,,,,,,,,,,,,,,,,,95.78562228,95.46055882,95.30177234,94.8143013,94.50887095,92.96709782,91.97196045,92.15398457,91.01883299,91.93235707,91.28018047,90.84827306,91.65450263,91.88664691,93.33619704,92.39976633,92.30789944,92.09102557,92.95525733,91.83747403,92.20187465,91.97821816,91.30310995,91.24489901,92.85144409,-1.227132018,0,0,0,0,0,0,0,0,,
Belize,BLZ,Fossil fuel energy consumption (% of total),EG.USE.COMM.FO.ZS,,,,,,,,,,,,,,,,,,,,,,,,,,,,,,,0,,,,,,,,,,,,,,0,0,0,0,,,,,,,,,,,,,,,,,,
Bermuda,BMU,Fossil fuel energy consumption (% of total),EG.USE.COMM.FO.ZS,,,,,,,,,,,,,,,,,,,,,,,,,,,,,,,,,,,,,,,,,,,,,,,,,,,,,,,,,,,,,,,,,,
Bolivia,BOL,Fossil fuel energy consumption (% of total),EG.USE.COMM.FO.ZS,,,,,,,,,,,,,,,,,,,,,,,,,,,,,,,68.22247634,67.64078533,70.38062352,69.5529966,72.14162496,74.75907591,74.08540458,75.60161636,75.78532325,75.47616707,,75.71642909,79.93309047,82.20609258,80.72524432,81.42672036,,78.66881928,82.54673267,80.89791464,82.6197262,81.97732687,87.59290143,87.9208726,85.30594202,43.45609028,0,0,0,0,0,0,0,0,,
Brazil,BRA,Fossil fuel energy consumption (% of total),EG.USE.COMM.FO.ZS,,,,,,,,,,,,,,,,,,,,,,,,,,,,,,,51.09437793,51.8611685,52.5843367,53.16092217,53.15456782,54.45862954,56.1277954,56.5434392,57.17929577,57.09880072,58.00456504,58.66471884,56.80512618,54.32769156,54.35038302,53.89205145,53.05367477,52.195246,52.11265151,50.90136502,53.03361943,54.28570306,56.4658179,57.72347267,58.84122016,20.80804683,0,0,0,0,0,0,0,0,0,
Barbados,BRB,Fossil fuel energy consumption (% of total),EG.USE.COMM.FO.ZS,,,,,,,,,,,,,,,,,,,,,,,,,,,,,,,0,,,,,,,,,,,,,,0,0,0,0,,,,,,,,,,,,,,,,,,
Brunei Darussalam,BRN,Fossil fuel energy consumption (% of total),EG.USE.COMM.FO.ZS,,,,,,,,,,,,,,,,,,,,,,,,,,,,,,,99.84285771,99.89428646,99.93520972,99.9741383,99.97474308,99.97513878,99.9747836,99.97551327,99.97901844,99.97793289,99.97855006,99.97836033,99.97936035,99.97866384,99.97676701,99.9768046,99.97717894,99.97774059,99.97750924,99.97733402,99.97670389,99.97217642,99.97269613,99.9716728,99.97189009,83.97586492,0,0,0,0,0,0,0,0,,
Bhutan,BTN,Fossil fuel energy consumption (% of total),EG.USE.COMM.FO.ZS,,,,,,,,,,,,,,,,,,,,,,,,,,,,,,,0,,,,,,,,,,,,,,0,0,0,0,,,,,,,,,,,,,,,,,,
Botswana,BWA,Fossil fuel energy consumption (% of total),EG.USE.COMM.FO.ZS,,,,,,,,,,,,,,,,,,,,,,,,,,,,,,,64.83129706,62.16367296,65.30620584,63.96384572,61.95157836,63.04975354,60.16888286,60.62932934,63.69850519,64.3088966,64.75108011,64.50909779,64.55314041,63.45402587,61.10788905,61.83951838,62.03200992,61.24468058,61.963697,58.69012985,60.23655354,57.17216291,61.5639433,66.48075479,70.18368452,71.89050735,0,0,0,0,0,0,0,0,,
Central African Republic,CAF,Fossil fuel energy consumption (% of total),EG.USE.COMM.FO.ZS,,,,,,,,,,,,,,,,,,,,,,,,,,,,,,,,,,,,,,,,,,,,,,,,,,,,,,,,,,,,,,,,,,
Canada,CAN,Fossil fuel energy consumption (% of total),EG.USE.COMM.FO.ZS,,,,,,,,,,,,,,,,,,,,,,,,,,,,,,,73.49513979,72.17830582,73.28896894,72.46221588,71.57402455,72.38105329,73.07829499,74.61333823,75.74162993,75.54351942,76.47575936,76.52726586,75.64270699,76.90034029,75.96081832,76.21881159,72.90413559,73.45770128,75.97045572,76.04636979,76.64078275,76.5825123,75.37327377,73.89261975,74.30729404,73.51674297,0,0,0,0,0,0,0,0,0,
Central Europe and the Baltics,CEB,Fossil fuel energy consumption (% of total),EG.USE.COMM.FO.ZS,98.24690312,98.30405989,98.39621715,98.42085721,98.51842371,97.81227336,97.80813346,97.73769234,97.84306046,97.69032809,97.99588636,97.75131941,97.64559402,97.75988318,97.52833948,97.54786411,97.46301961,96.94853306,97.24783529,97.48717969,97.11355254,96.55742896,96.55668898,96.21906218,95.74603926,95.01893745,94.51202461,94.02746948,93.29783739,93.22472289,90.83944745,90.34664233,89.93343009,88.8380944,88.22484073,87.93452474,87.55815415,86.89589605,86.52592545,86.17935652,85.78950841,85.64218169,84.82702873,85.0421267,84.36608454,84.03887776,84.20907565,84.1233763,82.6191293,80.67115933,81.05963271,80.90333909,79.20130067,78.35888387,77.332055,77.44070177,77.74402142,77.93781704,76.6274803,75.19231628,73.76299879,74.94547193,74.55258909,72.57691114,72.75298988,
Switzerland,CHE,Fossil fuel energy consumption (% of total),EG.USE.COMM.FO.ZS,,,,,,,,,,,,,,,,,,,,,,,,,,,,,,,58.6447124,58.89157638,58.87437565,57.72955849,57.71900328,56.1648198,56.36135053,57.4153312,57.10730502,56.02702013,54.58004884,56.2522317,54.70125511,54.042508,54.23494517,55.76133929,54.12136723,51.78668213,52.80675592,53.56485559,51.92904197,50.77308473,51.34729823,52.57682327,49.20436267,50.71845977,0,0,0,0,0,0,0,0,0,
Channel Islands,CHI,Fossil fuel energy consumption (% of total),EG.USE.COMM.FO.ZS,,,,,,,,,,,,,,,,,,,,,,,,,,,,,,,,,,,,,,,,,,,,,,,,,,,,,,,,,,,,,,,,,,
Chile,CHL,Fossil fuel energy consumption (% of total),EG.USE.COMM.FO.ZS,,,,,,,,,,,,,,,,,,,,,,,,,,,,,,,72.15250049,68.03335177,66.35270855,68.07108824,69.82064026,70.00479241,72.38859155,74.65203815,75.52268234,77.15874848,74.50531481,73.10035778,73.19423802,74.55699516,75.17630643,74.23769624,74.00218769,76.01976567,75.17727734,73.4651837,77.5945605,76.66429484,70.04969463,68.97232566,76.06383941,75.72996832,0,0,0,0,0,0,0,0,0,
China,CHN,Fossil fuel energy consumption (% of total),EG.USE.COMM.FO.ZS,,,,,,,,,,,,,,,,,,,,,,,,,,,,,,,75.09675247,74.45463613,75.0325612,76.03419109,76.56558192,77.88945087,78.69663462,78.5088665,78.71810377,79.20040881,79.92246261,80.83314585,81.92179285,84.2309775,86.09237233,87.37099476,88.28426538,89.30917398,89.52115712,90.16127127,90.80662758,91.42473188,91.14921918,91.00012191,89.55484002,71.06955889,0,0,0,0,0,0,0,0,,
Cote d'Ivoire,CIV,Fossil fuel energy consumption (% of total),EG.USE.COMM.FO.ZS,,,,,,,,,,,,,,,,,,,,,,,,,,,,,,,23.70127587,23.31836934,27.59466622,28.54956476,28.24170323,25.14671833,32.01365905,32.10315004,30.82190443,40.8853462,37.12388082,34.29236765,37.84229578,32.49572238,24.92616863,25.38667906,21.44519923,24.24902509,24.6123145,22.71372294,28.40641946,25.66551279,30.04532408,33.75674127,34.15951913,3.190317745,0,0,0,0,0,0,0,0,,
Cameroon,CMR,Fossil fuel energy consumption (% of total),EG.USE.COMM.FO.ZS,,,,,,,,,,,,,,,,,,,,,,,,,,,,,,,18.70794015,17.38610197,16.10826758,16.65185061,16.90210881,16.071919,15.68728877,16.04263295,16.25015791,14.55386334,16.20269775,15.42417693,15.29926185,16.0987189,16.11994031,14.78368682,16.95520519,28.75680031,27.49680834,30.73830922,30.99606252,27.17657494,31.83446895,32.4081828,33.42830767,4.345270038,0,0,0,0,0,0,0,0,,
"Congo, Dem. Rep.",COD,Fossil fuel energy consumption (% of total),EG.USE.COMM.FO.ZS,,,,,,,,,,,,,,,,,,,,,,,,,,,,,,,11.16063056,8.778254876,7.864729777,7.350137002,4.709277134,5.492268571,5.814225315,4.765222719,4.125267987,3.090083846,2.036207404,1.639452003,1.714151542,2.01464224,2.111856131,2.545199809,2.677185718,2.87221323,3.065734889,2.741026806,3.075180803,3.692565532,2.884457378,4.237526674,5.459297134,3.107860858,0,0,0,0,0,0,0,0,,
"Congo, Rep.",COG,Fossil fuel energy consumption (% of total),EG.USE.COMM.FO.ZS,,,,,,,,,,,,,,,,,,,,,,,,,,,,,,,34.25250736,35.20305716,33.01517683,32.092804,20.36902533,29.6446218,22.0318679,18.56132841,15.82276646,16.68146437,26.17783552,29.35871521,24.25457412,32.50596892,32.10942271,33.33490987,28.97117015,35.20768765,35.49446417,40.27541464,39.20737855,38.85742507,37.15574492,45.53653117,39.3139925,7.074613539,0,0,0,0,0,0,0,0,,
Colombia,COL,Fossil fuel energy consumption (% of total),EG.USE.COMM.FO.ZS,,,,,,,,,,,,,,,,,,,,,,,,,,,,,,,66.32213718,67.12465535,68.73252036,68.56486012,66.92546561,67.39831705,67.94225298,73.55721911,75.96475246,71.811433,74.38894053,74.81922777,73.13337712,72.18095573,73.46617925,74.06327718,73.23621133,72.45416122,72.6526623,74.28645206,75.69099404,72.76355585,75.52811515,62.8236873,62.44902301,27.28970099,0,0,0,0,0,0,0,0,0,
Comoros,COM,Fossil fuel energy consumption (% of total),EG.USE.COMM.FO.ZS,,,,,,,,,,,,,,,,,,,,,,,,,,,,,,,0,,,,,,,,,,,,,,0,0,0,0,,,,,,,,,,,,,,,,,,
Cabo Verde,CPV,Fossil fuel energy consumption (% of total),EG.USE.COMM.FO.ZS,,,,,,,,,,,,,,,,,,,,,,,,,,,,,,,0,,,,,,,,,,,,,,0,0,0,0,,,,,,,,,,,,,,,,,,
Costa Rica,CRI,Fossil fuel energy consumption (% of total),EG.USE.COMM.FO.ZS,,,,,,,,,,,,,,,,,,,,,,,,,,,,,,,58.52843837,59.40608995,58.76310149,58.56922964,57.93544176,59.28270083,57.24848672,58.91795119,63.72839158,61.00516278,59.02628333,57.20015118,54.76773399,56.63890482,47.92945689,46.80150969,47.40552774,49.76193749,50.29397585,48.61877509,48.51929773,49.08901355,47.74423049,47.83035571,48.23774662,47.28099304,0,0,0,0,0,0,0,0,0,
Caribbean small states,CSS,Fossil fuel energy consumption (% of total),EG.USE.COMM.FO.ZS,,,,,,,,,,,,98.55771856,98.50659368,99.0733565,98.65988189,98.58966721,98.5501371,98.78726446,99.02932961,99.08979734,99.21458836,99.28962584,99.28680016,99.30286749,99.38496836,99.16787668,98.88296672,98.65157919,98.93825682,98.96742808,76.78267907,99.02,99.1,99.09,99.01,99.29,99.41,99.4,99.44,99.49,98.53551034,98.6592747,98.68392043,98.93811711,85.93227145,87.34590708,88.23268601,88.68609574,99.11728606,99.12394071,99.28868914,99.36232427,99.42374053,99.41842093,99.54847812,99.57083173,99.38550996,99.31537554,99.28119073,99.31543697,99.22401071,99.24487323,99.27223627,99.07009742,,
Cuba,CUB,Fossil fuel energy consumption (% of total),EG.USE.COMM.FO.ZS,,,,,,,,,,,,,,,,,,,,,,,,,,,,,,,66.51685273,64.84215099,60.03949474,66.60963708,67.92973433,74.03745302,71.79337676,73.87845529,76.19738229,74.65264327,75.51259213,74.27336059,77.61404918,80.44106376,80.82081457,85.54018502,87.42774561,87.6458117,89.27713721,97.93387857,,94.88313496,95.85314477,97.14237676,94.58487183,14.34809119,0,0,0,0,0,0,0,0,,
Curacao,CUW,Fossil fuel energy consumption (% of total),EG.USE.COMM.FO.ZS,,,,,,,,,,,,,,,,,,,,,,,,,,,,,,,,,,,,,,,,,,,,,,,,,,,,,,,,0,0,0,0,0,0,0,0,0,,
Cayman Islands,CYM,Fossil fuel energy consumption (% of total),EG.USE.COMM.FO.ZS,,,,,,,,,,,,,,,,,,,,,,,,,,,,,,,,,,,,,,,,,,,,,,,,,,,,,,,,,,,,,,,,,,
Cyprus,CYP,Fossil fuel energy consumption (% of total),EG.USE.COMM.FO.ZS,,,,,,,,,,,,,,,,,,,,,,,,,,,,,,,99.05392542,99.29175561,99.12859855,99.13954414,98.63545355,96.89785285,97.02406891,97.18752294,97.22339188,97.29399716,97.42951259,97.40899928,97.31939105,97.28333854,96.73114621,96.54634621,96.62143998,95.84113457,94.8502704,94.32472585,94.22789182,93.62681919,92.92798288,92.11165225,91.90067364,90.70863889,0,0,0,0,0,0,0,0,,
Czechia,CZE,Fossil fuel energy consumption (% of total),EG.USE.COMM.FO.ZS,,,,,,,,,,,,,,,,,,,,,,,,,,,,,,,91.19402658,90.95135742,89.49887231,88.80649678,87.96196926,88.75949412,88.82418485,89.01498975,88.37061627,87.32796471,89.21165756,88.37923523,86.08756523,83.68048072,83.19761427,83.09937872,82.46517339,82.75636976,80.87584912,78.81860963,79.23836064,78.00472789,76.15904235,74.91005035,73.97403825,75.34945841,0,0,0,0,0,0,0,0,0,
Germany,DEU,Fossil fuel energy consumption (% of total),EG.USE.COMM.FO.ZS,,,,,,,,,,,,,,,,,,,,,,,,,,,,,,,86.83025589,87.08988945,85.95094239,86.00162094,86.01320598,85.8067183,85.89398814,84.62513383,84.91749178,83.92761109,83.61750929,83.60096766,83.27377873,82.93916015,82.22187933,81.39007763,80.67165831,80.5058881,79.91048689,79.31620248,78.91374352,79.91474485,79.87342822,80.13918693,79.39572885,79.628037,0,0,0,0,0,0,0,0,0,
Djibouti,DJI,Fossil fuel energy consumption (% of total),EG.USE.COMM.FO.ZS,,,,,,,,,,,,,,,,,,,,,,,,,,,,,,,0,,,,,,,,,,,,,,0,0,0,0,,,,,,,,,,,,,,,,,,
Dominica,DMA,Fossil fuel energy consumption (% of total),EG.USE.COMM.FO.ZS,,,,,,,,,,,,,,,,,,,,,,,,,,,,,,,0,,,,,,,,,,,,,,0,0,0,0,,,,,,,,,,,,,,,,,,
Denmark,DNK,Fossil fuel energy consumption (% of total),EG.USE.COMM.FO.ZS,,,,,,,,,,,,,,,,,,,,,,,,,,,,,,,89.62475647,94.06368791,90.70117842,91.73171239,94.62506185,92.33885675,98.48192721,94.32513941,92.64345761,90.85510739,88.24068187,88.209355,87.9614995,89.64242956,85.44675467,82.25896469,86.6011717,81.94758966,80.10435724,78.86383248,78.56007908,75.0927558,71.31203775,71.39673019,67.50530309,64.21185469,0,0,0,0,0,0,0,0,0,
Dominican Republic,DOM,Fossil fuel energy consumption (% of total),EG.USE.COMM.FO.ZS,,,,,,,,,,,,,,,,,,,,,,,,,,,,,,,76.49312906,76.2161956,78.81779741,81.10172351,83.62335534,84.9760135,85.62495285,87.23067845,84.8628817,85.07502664,85.59982332,85.91337216,83.9784627,85.40772845,80.75409453,83.90853401,82.57653192,82.37724589,85.9990467,84.35373187,84.67326566,85.48490275,86.17988197,85.22869193,85.9892429,76.7792422,0,0,0,0,0,0,0,0,,
Algeria,DZA,Fossil fuel energy consumption (% of total),EG.USE.COMM.FO.ZS,,,,,,,,,,,,,,,,,,,,,,,,,,,,,,,99.92268616,,,,,99.85551466,99.8243958,99.7460534,99.69516163,99.72663022,99.79732988,99.75778533,99.72289035,99.71349619,99.72057009,99.59232535,99.72238806,99.73486301,99.80396338,99.92099472,96.08237707,96.39108909,96.85594378,97.15503409,97.03029003,21.62619444,0,0,0,0,0,0,0,0,,
East Asia & Pacific (excluding high income),EAP,Fossil fuel energy consumption (% of total),EG.USE.COMM.FO.ZS,,,,,,,,,,,,56.9338499,57.87197963,58.49990681,58.62259808,61.18477369,61.83315722,64.22112273,66.42996788,66.56045905,66.10260957,65.43811208,65.78389962,66.75674445,67.94415293,68.31926745,69.06350645,69.93846161,70.85727552,70.9382329,72.70630249,72.16763516,72.77171123,74.0595138,74.56264709,75.89360741,76.74074288,76.8027512,76.76423444,77.18056514,78.18509807,79.04437687,80.19434592,82.25281866,84.01459149,85.2910287,86.12419283,87.06683964,87.21031648,87.84244573,88.58536371,89.20754286,89.01806149,88.98575791,88.51054241,88.22525292,87.41548367,87.07930626,86.68569211,86.47884093,86.29184165,86.04283341,85.65231954,85.81835748,,
Early-demographic dividend,EAR,Fossil fuel energy consumption (% of total),EG.USE.COMM.FO.ZS,44.19907189,44.15911347,49.04966574,51.62627951,53.97489237,56.08172971,59.44922184,60.62461071,62.18319547,64.16108791,65.65402953,56.18210453,56.64035821,57.82240218,58.87666793,59.25905648,60.43458685,61.63772529,62.1138261,63.4580975,64.77330875,66.24525247,67.28231449,67.17879103,67.37356051,68.08271812,68.40550484,69.20655178,69.73197145,70.29494463,73.62287659,74.24523756,74.61533523,75.20275756,75.656125,75.89029114,76.09260452,76.38349898,76.75081027,77.43243532,78.40581052,78.4349644,78.93576685,79.34827824,79.8314622,80.148991,80.49692781,80.98045433,81.61492337,81.78522814,81.9998095,82.13229354,82.51939903,82.11860805,82.61667287,82.48087954,82.37899851,82.36901179,81.88992499,81.70080949,80.73192794,81.37103572,81.08946848,81.51073182,86.03392173,
East Asia & Pacific,EAS,Fossil fuel energy consumption (% of total),EG.USE.COMM.FO.ZS,91.14805622,91.19144208,91.78950899,91.99572479,92.67797122,92.68585722,93.11888916,94.40521725,94.72148855,95.23342119,95.52565262,72.97008622,73.74900645,75.09560335,74.62725188,74.83156041,75.39160905,76.7022866,76.98255091,76.98601348,76.20906123,75.43414203,75.06548109,75.06475883,75.47822564,74.91536252,75.29719596,75.33150733,76.40001356,76.55935919,77.62589097,77.29258046,77.90106583,78.36325503,78.79926906,79.194943,79.67745615,79.63952666,79.19678062,79.6830333,80.36338779,80.86185097,81.69445582,83.37136261,84.25042085,84.79410677,85.40071516,86.47369874,86.49931154,86.8165745,87.40398914,88.90970634,89.29809071,89.31504324,88.80948462,88.46367396,87.79967422,87.50578968,87.01514847,86.6795888,86.45443726,86.13230239,85.704733,85.61921935,82.03310844,
Europe & Central Asia (excluding high income),ECA,Fossil fuel energy consumption (% of total),EG.USE.COMM.FO.ZS,44.19907189,44.15911347,49.04966574,51.62627951,53.97489237,56.08172971,59.44922184,60.62461071,62.18319547,64.16108791,65.65402953,69.44968317,70.8387258,72.52383491,72.76280286,72.60948401,73.32102264,74.9208697,74.0238417,71.26881311,72.71990538,72.1007063,72.5912428,74.24530523,74.87639849,76.90529403,77.92299667,78.85355696,77.23045665,79.7781887,93.44248998,93.14373247,92.30046615,91.17541609,90.51351392,90.08351932,88.60163546,88.53483906,88.47269973,88.67017305,88.76782959,88.74685209,88.75909506,89.16216526,89.24143964,89.10562024,89.40349095,89.60190472,89.89932068,89.15156322,89.06983218,89.56618413,89.19456929,88.83315922,88.14478839,86.84587018,87.17835652,87.14631956,86.98845148,85.97502071,85.63459529,85.85400347,85.63798278,85.45781694,80.86,
Europe & Central Asia,ECS,Fossil fuel energy consumption (% of total),EG.USE.COMM.FO.ZS,93.75287613,93.57544681,93.67088812,93.93110247,94.11113866,93.95495435,93.434319,93.50989638,93.54896715,93.81762985,93.61227863,93.87001842,93.33997101,93.78255538,93.44440276,92.72491955,92.99609428,91.90301841,91.78857577,91.74826757,91.03050454,89.21201412,88.490343,87.27272345,85.53891722,84.2539332,83.75479212,83.46446324,82.50451942,82.06105401,87.18214459,86.86960868,85.89967265,84.93101182,84.46244052,84.16410576,83.75646452,83.21353277,83.15924288,82.7994353,82.66455969,82.43136425,82.32730426,82.50214301,82.25914696,82.0435262,81.98556944,81.89674524,81.60572513,80.51911295,80.47188892,80.46926297,79.83779155,79.20856913,78.39682462,77.92475052,78.18504061,78.33546347,78.03124386,77.09186129,76.43996437,77.17058094,77.60971781,76.3776298,66.52307967,
Ecuador,ECU,Fossil fuel energy consumption (% of total),EG.USE.COMM.FO.ZS,,,,,,,,,,,,,,,,,,,,,,,,,,,,,,,78.20845404,78.64723184,81.83407273,79.69505618,80.38780681,84.10864785,83.40534,85.74665487,84.96155023,82.85336362,91.47918589,93.05923283,83.70027803,76.67803866,70.26821961,68.32309226,69.73764853,72.40038406,73.10306672,82.29926757,79.05597863,78.68000188,77.97345829,79.82138311,78.15160616,36.9378997,0,0,0,0,0,0,0,0,,
"Egypt, Arab Rep.",EGY,Fossil fuel energy consumption (% of total),EG.USE.COMM.FO.ZS,,,,,,,,,,,,,,,,,,,,,,,,,,,,,,,90.25668841,90.11026847,90.41765707,90.33625832,89.60222449,89.99921652,90.3819138,90.59888017,91.22400135,90.88620829,91.48981985,90.7295039,91.92075725,91.95637052,92.86163202,93.66707875,93.77973219,93.90444192,94.21538838,94.47139314,94.3283973,94.05864785,93.8930441,93.89739021,90.22065735,62.71065731,0,0,0,0,0,0,0,0,,
Euro area,EMU,Fossil fuel energy consumption (% of total),EG.USE.COMM.FO.ZS,94.02150651,93.95176935,94.14510042,94.50935994,95.00374686,95.02813063,94.34535818,94.70140719,94.93965045,95.17184393,94.33540763,94.18444638,93.52201812,94.32892069,94.11210288,93.2247745,93.8871932,92.5654616,92.42799044,92.04647759,91.23984581,89.07712431,88.01324584,86.525849,84.33698769,82.54240837,81.80502828,81.48562738,80.5312638,80.1759652,80.23164032,80.01244841,79.16929663,78.37324871,78.52754995,78.62216725,78.33075609,77.9576304,78.31275003,77.79727429,77.28524735,77.23747675,77.09643439,76.9360297,76.72509154,76.47587902,75.9392291,75.63705446,74.68371624,73.78860679,73.10181678,72.71931207,71.87936719,71.08739413,69.85401521,70.35650313,70.7097507,71.2107403,70.20137458,69.32125653,68.05929883,67.95167276,69.02653588,66.65563319,64.98090169,
Eritrea,ERI,Fossil fuel energy consumption (% of total),EG.USE.COMM.FO.ZS,,,,,,,,,,,,,,,,,,,,,,,,,,,,,,,,,19.35271002,23.18198419,25.52818765,26.78922632,27.86289479,25.10034942,28.76830591,29.24395221,28.23366717,28.20966247,28.00905088,28.81266199,37.51330971,37.29147884,27.05991774,27.88873503,19.1234598,22.68392503,21.80611927,21.424404,22.15289883,22.47536368,22.85073128,23.2563832,0,0,0,0,0,0,0,0,,
Spain,ESP,Fossil fuel energy consumption (% of total),EG.USE.COMM.FO.ZS,,,,,,,,,,,,,,,,,,,,,,,,,,,,,,,77.37002669,77.93597886,79.23755504,77.67432493,78.59248041,79.60270634,77.85504889,80.05944639,79.52502223,80.97506168,80.96563991,80.16527338,81.77304432,81.12687027,82.14179823,83.77219879,82.59634554,83.47690494,82.11575197,79.93735324,76.21466875,76.65230406,75.18150863,72.74544099,71.73880987,73.53257023,0,0,0,0,0,0,0,0,0,
Estonia,EST,Fossil fuel energy consumption (% of total),EG.USE.COMM.FO.ZS,,,,,,,,,,,,,,,,,,,,,,,,,,,,,,,39.97932198,39.64738623,32.43537198,31.65379757,28.65282065,25.91284543,27.23504513,27.11589688,30.45501368,31.47375249,28.62670855,31.44989143,29.93954712,29.21438643,28.80970375,29.00982437,29.59490707,25.87613043,27.82066431,25.28600036,19.65917798,18.55413253,20.49414614,17.92647211,15.7466117,14.74589796,0,0,0,0,0,0,0,0,0,
Ethiopia,ETH,Fossil fuel energy consumption (% of total),EG.USE.COMM.FO.ZS,,,,,,,,,,,,,,,,,,,,,,,,,,,,,,,4.644141442,4.422285983,2.915962645,3.555928361,3.961789265,4.34263988,4.559474177,4.29627338,4.307732163,4.1749708,4.430571601,5.327978254,5.394618458,5.661383598,5.753231274,5.270634223,5.460874812,5.960428024,6.277897863,6.213758693,5.857853209,5.830301503,6.3795511,7.344053168,8.273074441,8.351282873,0,0,0,0,0,0,0,0,,
European Union,EUU,Fossil fuel energy consumption (% of total),EG.USE.COMM.FO.ZS,93.7610629,93.62560708,93.81377191,94.19565521,94.5696987,94.60694039,94.14087001,94.36065347,94.50360467,94.79038969,94.22245621,94.50827106,93.98593857,94.48097835,94.26894851,93.43752727,93.90027924,92.6478886,92.4979578,92.51077329,91.78282082,89.77261626,89.06508402,87.73915452,85.78693341,84.28127353,83.58832259,83.22137384,82.28146015,81.8688567,81.3779649,80.92584511,80.19014709,79.4160531,79.29580109,79.35838559,79.19777666,78.6225045,78.68894959,78.12975519,77.7222633,77.60357973,77.46327899,77.44390812,76.99239794,76.67965396,76.38349544,76.02376984,75.03204988,74.01428168,73.38290575,73.06004713,71.92073835,71.11422543,69.9353011,70.36195569,70.62365018,71.02540536,70.0370201,69.03445677,67.82263134,67.94168094,68.69015846,66.35111743,64.76664189,
Fragile and conflict affected situations,FCS,Fossil fuel energy consumption (% of total),EG.USE.COMM.FO.ZS,,,,,,,,,,,,30.91336064,31.76361219,33.8013343,35.57000596,36.2553333,37.36786402,38.51807282,40.17780469,41.59056512,43.19515401,44.25483618,44.5268095,45.83466384,45.34646277,45.4703852,45.76903204,45.73236457,45.63255041,46.08256058,76.49878087,76.0365569,74.31576739,72.53444169,70.9189585,70.20196041,68.40946385,68.02693602,66.67513846,66.71616767,67.46160069,67.08854149,67.7043682,67.13303741,66.19396049,66.22980454,64.94859358,65.02159257,64.86472703,62.88905293,65.7160685,64.37018928,62.68828468,62.58576837,61.89392807,58.89777219,59.65490145,59.544838,58.50592631,58.65927613,54.23606482,55.5300616,53.32615808,54.16478157,,
Finland,FIN,Fossil fuel energy consumption (% of total),EG.USE.COMM.FO.ZS,,,,,,,,,,,,,,,,,,,,,,,,,,,,,,,55.46966765,56.56178709,53.92813651,54.80485599,56.88380373,52.94548892,55.65092411,53.26433239,51.49638721,50.79214589,49.82626963,50.37191986,51.39080419,54.45969868,53.37867357,49.23233723,51.74354364,49.86347798,47.82417643,48.5816044,48.91594198,47.09451086,43.10203468,42.47334441,41.96179755,40.22905463,0,0,0,0,0,0,0,0,0,
Fiji,FJI,Fossil fuel energy consumption (% of total),EG.USE.COMM.FO.ZS,,,,,,,,,,,,,,,,,,,,,,,,,,,,,,,0,,,,,,,,,,,,,,0,0,0,0,,,,,,,,,,,,,,,,,,
France,FRA,Fossil fuel energy consumption (% of total),EG.USE.COMM.FO.ZS,,,,,,,,,,,,,,,,,,,,,,,,,,,,,,,58.22455973,58.01362351,56.23141161,54.2613373,53.38579268,53.64798548,53.91210156,52.97055433,54.85729015,54.0873966,52.86841733,53.46468988,52.87207189,52.37588247,52.10432434,51.97412724,51.57830293,51.35242741,50.50994186,50.53027919,49.54638207,47.39794545,47.85915361,47.40244085,45.03521217,45.17655074,0,0,0,0,0,0,0,0,0,
Faroe Islands,FRO,Fossil fuel energy consumption (% of total),EG.USE.COMM.FO.ZS,,,,,,,,,,,,,,,,,,,,,,,,,,,,,,,,,,,,,,,,,,,,,,,,,,,,,,,,,,,,,,,,,,
"Micronesia, Fed. Sts.",FSM,Fossil fuel energy consumption (% of total),EG.USE.COMM.FO.ZS,,,,,,,,,,,,,,,,,,,,,,,,,,,,,,,,,,,,,,,,,,,,,,,,,,,,,,,,,,,,,,,,,,
Gabon,GAB,Fossil fuel energy consumption (% of total),EG.USE.COMM.FO.ZS,,,,,,,,,,,,,,,,,,,,,,,,,,,,,,,32.00711228,31.89591987,34.47552431,36.75340077,28.36646315,32.60656878,34.50975932,34.23161627,36.77406997,33.55020396,32.42682719,35.17782244,28.07278123,23.57226365,20.95437634,20.16241968,18.50843982,18.19578951,17.08036487,16.42798052,18.88620123,26.23713986,30.8224882,22.02873271,22.46019272,6.488200324,0,0,0,0,0,0,0,0,,
United Kingdom,GBR,Fossil fuel energy consumption (% of total),EG.USE.COMM.FO.ZS,,,,,,,,,,,,,,,,,,,,,,,,,,,,,,,90.6463001,90.20057415,89.21064057,87.78408244,87.75985407,87.69715779,87.55868607,86.71725069,86.76146222,87.22952389,88.39519397,87.81199381,87.80183391,88.05916997,88.54722498,88.08121183,88.55078107,89.56908565,89.95987937,87.41174292,88.04715647,85.51490219,85.52134098,84.26220699,82.97322714,80.08878901,0,0,0,0,0,0,0,0,0,
Georgia,GEO,Fossil fuel energy consumption (% of total),EG.USE.COMM.FO.ZS,,,,,,,,,,,,,,,,,,,,,,,,,,,,,,,88.82204576,87.16951433,84.55493085,77.97325252,80.44373548,68.28755106,60.53322358,59.86072,59.13243087,55.69164871,59.00642523,55.0847258,49.58558231,52.14054448,53.76825753,64.40764755,70.39997715,70.68300537,66.78333044,66.98766944,64.69847622,72.75749503,74.45474731,64.58937099,71.39239354,73.9831017,0,0,0,0,0,0,0,0,,
Ghana,GHA,Fossil fuel energy consumption (% of total),EG.USE.COMM.FO.ZS,,,,,,,,,,,,,,,,,,,,,,,,,,,,,,,18.23365923,16.56048691,16.08662188,17.40651738,17.60880534,18.78362449,19.34296098,20.48116061,26.6188373,25.8598958,28.12936395,32.18085034,35.92000166,36.46535694,37.09842644,37.63986896,42.71864957,46.13906442,40.23925553,45.81629172,48.78078839,49.85590074,51.26329643,53.02171787,52.67439064,52.77633091,0,0,0,0,0,0,0,0,,
Gibraltar,GIB,Fossil fuel energy consumption (% of total),EG.USE.COMM.FO.ZS,,,,,,,,,,,,,,,,,,,,,,,,,,,,,,,72.36410285,76.75901424,80.01217185,80.17782528,81.73817159,81.46161217,81.7355465,81.70744308,81.92854148,82.54218981,83.22111213,,,,,,,,,,,,,,,,0,0,0,0,0,0,0,0,,
Guinea,GIN,Fossil fuel energy consumption (% of total),EG.USE.COMM.FO.ZS,,,,,,,,,,,,,,,,,,,,,,,,,,,,,,,,,,,,,,,,,,,,,,,,,,,,,,,,,,,,,,,,,,
"Gambia, The",GMB,Fossil fuel energy consumption (% of total),EG.USE.COMM.FO.ZS,,,,,,,,,,,,,,,,,,,,,,,,,,,,,,,0,,,,,,,,,,,,,,0,0,0,0,,,,,,,,,,,,,,,,,,
Guinea-Bissau,GNB,Fossil fuel energy consumption (% of total),EG.USE.COMM.FO.ZS,,,,,,,,,,,,,,,,,,,,,,,,,,,,,,,0,,,,,,,,,,,,,,0,0,0,0,,,,,,,,,,,,,,,,,,
Equatorial Guinea,GNQ,Fossil fuel energy consumption (% of total),EG.USE.COMM.FO.ZS,,,,,,,,,,,,,,,,,,,,,,,,,,,,,,,0,0,0,0,0,0,0,0,0,0,0,0,0,0,0,0,0,0,0,0,0,0,0,0,0,0,0,0,0,0,0,0,0,0,,
Greece,GRC,Fossil fuel energy consumption (% of total),EG.USE.COMM.FO.ZS,,,,,,,,,,,,,,,,,,,,,,,,,,,,,,,94.56260742,94.05521695,94.32117643,94.16050421,94.26944517,93.84952445,93.46256952,93.39839687,93.9634107,94.05707643,94.38860362,94.18826351,93.86002664,93.76746509,93.57224002,93.22031345,92.68083939,92.93260865,92.63554712,92.1905329,90.18869805,90.6497139,89.94144827,87.79012479,85.85147637,83.88257694,0,0,0,0,0,0,0,0,0,
Grenada,GRD,Fossil fuel energy consumption (% of total),EG.USE.COMM.FO.ZS,,,,,,,,,,,,,,,,,,,,,,,,,,,,,,,0,,,,,,,,,,,,,,0,0,0,0,,,,,,,,,,,,,,,,,,
Greenland,GRL,Fossil fuel energy consumption (% of total),EG.USE.COMM.FO.ZS,,,,,,,,,,,,,,,,,,,,,,,,,,,,,,,,,,,,,,,,,,,,,,,,,,,,,,,,,,,,,,,,,,
Guatemala,GTM,Fossil fuel energy consumption (% of total),EG.USE.COMM.FO.ZS,,,,,,,,,,,,,,,,,,,,,,,,,,,,,,,27.86377191,28.58316159,30.93035896,31.66682957,35.52833965,36.57852117,37.66738996,38.21492251,42.18500566,40.15080887,41.31139122,42.05098759,37.89215176,37.02233697,37.41319749,37.79164367,37.26671593,37.56375388,34.40878096,35.65670377,32.15618394,31.89797334,30.86240594,34.58818551,41.65658591,37.1328303,0,0,0,0,0,0,0,0,,
Guam,GUM,Fossil fuel energy consumption (% of total),EG.USE.COMM.FO.ZS,,,,,,,,,,,,,,,,,,,,,,,,,,,,,,,,,,,,,,,,,,,,,,,,,,,,,,,,,,,,,,,,,,
Guyana,GUY,Fossil fuel energy consumption (% of total),EG.USE.COMM.FO.ZS,,,,,,,,,,,,,,,,,,,,,,,,,,,,,,,0,,,,,,,,,,,,,,0,0,0,0,,,,,,,,,,,,,,,,,,
High income,HIC,Fossil fuel energy consumption (% of total),EG.USE.COMM.FO.ZS,94.42732406,94.38922762,94.49635621,94.68164936,94.78318706,94.75366354,94.6525559,94.7787431,94.76749368,94.82589127,94.71625841,94.59989065,94.27860956,94.27945777,93.61969718,92.86188021,92.88907045,92.24398131,91.64653292,91.60196226,91.01319678,89.93573477,89.14376981,88.21221872,87.20424017,86.06244451,85.50219756,85.15569938,84.92746784,84.82649433,85.71503731,85.2711611,84.96432383,84.69642856,84.52009661,84.17937043,84.15098124,84.29009009,84.07064219,83.88562176,83.94142653,84.04513506,84.02847613,84.30226103,83.92343783,83.66617495,83.49561092,83.70881672,83.30350924,82.57140411,82.58161054,82.99421901,83.07988589,82.68087199,82.40587547,82.27180983,82.15413287,82.07171689,81.79544843,81.30650509,80.52878615,80.82248598,81.04722186,80.0841527,75.93409342,
"Hong Kong SAR, China",HKG,Fossil fuel energy consumption (% of total),EG.USE.COMM.FO.ZS,,,,,,,,,,,,,,,,,,,,,,,,,,,,,,,92.96619159,93.36956978,95.0314638,,89.38806444,91.29081878,89.30902198,90.70245738,94.70906544,96.38675344,90.25278211,95.74970534,95.06067686,94.03547084,97.56125019,94.07227983,97.02324994,95.93155892,95.72611901,97.90465279,95.14560257,96.59121057,95.66672075,95.42424828,96.4202283,86.96239245,0,0,0,0,0,0,0,0,,
Honduras,HND,Fossil fuel energy consumption (% of total),EG.USE.COMM.FO.ZS,,,,,,,,,,,,,,,,,,,,,,,,,,,,,,,30.01349588,29.86669532,32.27967881,33.221121,36.94836507,41.23288958,40.31984111,38.10651116,42.86510056,47.6843013,48.10956384,52.63158109,53.00113812,54.21407103,55.64093079,56.96437931,46.6947981,55.66101896,53.80872299,48.85614911,49.68559116,50.86731261,49.5303428,48.94932482,51.3275605,48.87322585,0,0,0,0,0,0,0,0,,
Heavily indebted poor countries (HIPC),HPC,Fossil fuel energy consumption (% of total),EG.USE.COMM.FO.ZS,,,,,,,,,,,,15.31131895,15.49121525,16.0253514,15.78334693,15.36645562,15.57221435,16.08505852,15.90729172,15.49406982,15.54054003,15.16889315,15.08739036,14.17732244,14.26505074,13.96840342,14.03699426,14.19842346,14.15262652,14.02823162,13.20331048,12.60535439,12.52983584,12.33014897,12.27603584,13.06057383,13.77063213,14.09799025,14.80275642,15.93255656,15.13168968,15.33961801,16.2909172,16.24086349,16.45004806,16.89645376,17.63872919,18.91956764,19.20012372,19.24510384,19.55601755,20.35373635,20.07311891,21.41256605,22.0315041,22.82650231,23.05325623,22.90789318,23.28204284,23.72198247,22.29666115,23.06259393,23.20557393,22.81945835,,
Croatia,HRV,Fossil fuel energy consumption (% of total),EG.USE.COMM.FO.ZS,,,,,,,,,,,,,,,,,,,,,,,,,,,,,,,80.96345936,74.99480771,78.84770646,80.32822012,79.77097468,79.45580887,73.35370595,78.48545327,81.03477012,78.0958434,77.66842338,77.45590295,79.69718982,79.61678569,78.12979557,77.06602244,77.68266771,79.76216256,78.18654774,76.38267321,74.44495474,74.74978074,72.36927945,71.42954537,70.87481597,28.94915793,0,0,0,0,0,0,0,0,,
Haiti,HTI,Fossil fuel energy consumption (% of total),EG.USE.COMM.FO.ZS,,,,,,,,,,,,,,,,,,,,,,,,,,,,,,,13.03744956,12.27902858,11.46980558,9.543320662,2.833554402,11.97162503,13.32393919,16.59704751,15.19727919,16.03579026,15.56678559,17.27932982,18.73663453,17.62269801,20.15855715,20.44730386,20.32286624,22.54344461,21.96746739,19.92011277,17.69600276,17.68701103,17.84982154,18.05197347,22.00736997,22.78887352,0,0,0,0,0,0,0,0,,
Hungary,HUN,Fossil fuel energy consumption (% of total),EG.USE.COMM.FO.ZS,,,,,,,,,,,,,,,,,,,,,,,,,,,,,,,81.59934041,81.66575449,81.05340116,81.89559581,81.16073181,81.59692021,81.94610339,81.8797313,82.16181582,81.73374714,80.53188518,80.97396604,80.78396927,83.12786521,81.8109099,78.92425409,78.69364971,77.46665521,76.65323027,72.11193965,71.96381371,70.46441199,68.19356234,65.42466317,65.3462673,66.1101626,0,0,0,0,0,0,0,0,0,
IBRD only,IBD,Fossil fuel energy consumption (% of total),EG.USE.COMM.FO.ZS,89.33975945,89.61421352,90.24593901,90.48215583,90.86472002,91.11421493,91.26485869,91.43384414,91.72587448,92.16273227,92.61986408,63.97838131,64.65023507,65.7127664,66.13832433,67.36154361,68.15358219,69.426377,70.69285469,70.98264144,71.01917972,70.75111652,71.2987944,71.32824416,71.67294353,72.02934135,72.4798004,73.02995259,73.47343795,73.66512709,81.9650824,81.67814274,81.20147319,80.9992596,80.66630921,80.95095464,81.01929486,80.92653799,80.84503641,81.00831333,81.50143607,81.83371099,82.16128208,83.06200458,83.80573803,84.35750915,84.77365039,85.26582156,85.49439242,85.66636353,86.16603466,86.6606425,86.62302041,86.4467245,86.27093348,85.85092253,85.34980064,85.12122001,84.81634052,84.50865983,83.95917182,84.32509452,83.98443017,84.10843201,71.38594754,
IDA & IBRD total,IBT,Fossil fuel energy consumption (% of total),EG.USE.COMM.FO.ZS,89.33975945,89.61421352,90.24593901,90.48215583,90.86472002,91.11421493,91.26485869,91.43384414,91.72587448,92.16273227,92.61986408,58.55054888,59.3018298,60.42576354,60.87894259,62.15038742,62.99207081,64.364093,65.69862741,66.04326041,66.08994436,65.841304,66.43728456,66.448792,66.82741014,67.17153433,67.63386034,68.28452695,68.7436877,68.9104809,79.0010295,78.70199121,78.10292848,77.87931079,77.38456481,77.58034205,77.64800733,77.5037304,77.4383568,77.61727101,78.18410946,78.45772121,78.78300685,79.71745784,80.46871266,81.06781759,81.55410095,82.13697338,82.41989454,82.51327721,83.14282198,83.63563812,83.52392033,83.34737633,83.21337509,82.75186742,82.30909946,82.15458647,81.92632498,81.66566899,81.05946629,81.48656039,81.103933,81.23933167,69.80697192,
IDA total,IDA,Fossil fuel energy consumption (% of total),EG.USE.COMM.FO.ZS,,,,,,,,,,,,17.06101113,18.27442412,19.26492775,19.53130534,19.53996055,20.28691657,21.2056848,21.67519693,22.47507901,23.00633814,23.84852945,24.9675851,25.14882699,25.0768349,25.24286469,25.50455798,26.94638209,27.22491037,27.52261317,43.76698213,44.00031746,42.97325617,42.87964873,41.43663229,40.17812851,40.97692086,41.19395678,41.96855689,42.90423976,44.14781235,44.18699919,44.15241241,44.12535942,43.89016923,44.34798976,44.71021866,45.3586523,45.62892615,44.27125562,45.69597234,46.24639258,44.23613147,44.21936353,44.84210067,44.15640581,45.47784453,46.1608044,46.3778155,46.82590035,46.84535959,47.13591924,45.7100056,45.00091493,20.26,
IDA blend,IDB,Fossil fuel energy consumption (% of total),EG.USE.COMM.FO.ZS,,,,,,,,,,,,18.87874593,19.15953186,20.37708238,20.90120568,21.56205119,22.37018687,23.5533435,24.4291009,25.13722086,26.23966463,27.46765396,28.50773415,28.79359644,27.88336302,28.72935957,28.6827209,30.71341802,30.99520495,31.81773985,61.29002109,61.62643455,61.08220083,61.31102579,59.90199828,57.82644694,58.49392337,58.58187676,58.34608572,59.39418031,61.5457027,61.17263809,60.78109041,60.20847046,59.03306694,58.8514075,58.83597916,58.94932975,59.20507597,57.40339402,59.94239071,60.20105429,57.71687434,58.06685145,58.82039843,57.77192704,59.0082406,59.32626319,59.31203777,59.78678653,60.83197862,60.84791154,58.34115837,57.80291569,20.26,
Indonesia,IDN,Fossil fuel energy consumption (% of total),EG.USE.COMM.FO.ZS,,,,,,,,,,,,,,,,,,,,,,,,,,,,,,,62.24269956,63.65727229,64.55512389,67.76363352,66.182814,69.01075464,69.89571076,70.7162723,69.83167501,71.44707912,76.18565363,75.5969248,76.74978432,76.97384881,78.5253357,79.407681,79.64180043,79.36813336,78.44579996,80.57869676,85.74762668,79.78058003,79.95648201,79.12727732,81.08246583,54.3204501,0,0,0,0,0,0,0,0,,
IDA only,IDX,Fossil fuel energy consumption (% of total),EG.USE.COMM.FO.ZS,,,,,,,,,,,,15.50205337,17.52595079,18.31431289,18.34335014,17.74977935,18.41890169,19.06432838,19.1104052,19.96852169,19.88823749,20.27225649,21.44673948,21.49297637,22.30838576,21.73596779,22.28783026,23.01796635,23.27786226,22.94911934,27.16004439,26.9663749,25.27059254,24.43855048,23.69638257,24.58974559,25.30565841,25.81362349,27.41076049,27.96092937,28.57716631,29.20960796,29.52443311,30.16099671,30.63046355,31.84199869,32.76727219,33.89305646,34.35536554,33.86119639,33.72362964,34.28904894,33.14014685,33.04040387,33.66767104,33.52716034,34.89098899,36.04257119,36.72056116,37.12788337,36.25742006,36.45752648,36.36520172,35.56199386,,
Isle of Man,IMN,Fossil fuel energy consumption (% of total),EG.USE.COMM.FO.ZS,,,,,,,,,,,,,,,,,,,,,,,,,,,,,,,,,,,,,,,,,,,,,,,,,,,,,,,,,,,,,,,,,,
India,IND,Fossil fuel energy consumption (% of total),EG.USE.COMM.FO.ZS,,,,,,,,,,,,,,,,,,,,,,,,,,,,,,,58.72196724,59.9035797,60.977556,61.58776525,62.21298221,64.11885885,64.59502315,65.36867244,65.5435582,66.9999797,67.25160049,67.12901707,67.93666428,68.165462,69.01828735,69.3475085,70.04389072,70.95317496,71.4399671,75.57244497,74.84569361,74.91097353,75.07474779,74.98186721,75.78572873,45.95662915,0,0,0,0,0,0,0,0,,
Not classified,INX,Fossil fuel energy consumption (% of total),EG.USE.COMM.FO.ZS,,,,,,,,,,,,,,,,,,,,,,,,,,,,,,,,,,,,,,,,,,,,,,,,,,,,,,,,,,,,,,,,,,
Ireland,IRL,Fossil fuel energy consumption (% of total),EG.USE.COMM.FO.ZS,,,,,,,,,,,,,,,,,,,,,,,,,,,,,,,85.05787283,85.42830712,84.55508938,86.14997822,86.84849684,88.04886721,89.44113007,89.28923259,90.05455769,91.78732636,92.49944027,92.50903463,91.41302772,91.9839501,93.26088698,90.66931129,90.72050121,91.14912288,89.43964326,88.20825085,90.06325157,88.01431376,86.67784239,86.65880476,84.90116626,85.15844198,0,0,0,0,0,0,0,0,0,
"Iran, Islamic Rep.",IRN,Fossil fuel energy consumption (% of total),EG.USE.COMM.FO.ZS,,,,,,,,,,,,,,,,,,,,,,,,,,,,,,,98.91467454,98.89952253,98.66069061,98.72289843,99.02760627,99.10080108,99.07315418,99.26769354,99.32196868,99.57043645,99.65963689,99.5796133,99.37540791,99.19652518,99.30014967,98.85594725,98.76589307,98.8405176,99.52311852,99.52150624,99.40961592,99.37507579,98.96389113,98.57078766,99.89014458,59.09089459,0,0,0,0,0,0,0,0,,
Iraq,IRQ,Fossil fuel energy consumption (% of total),EG.USE.COMM.FO.ZS,,,,,,,,,,,,,,,,,,,,,,,,,,,,,,,98.76718639,99.36775408,99.64053366,,,,,,97.68689303,96.8622642,97.27623154,97.1714853,96.98399938,,95.84954206,95.57460238,92.1027764,95.52741735,96.46848008,,,,,,,49.08641112,0,0,0,0,0,0,0,0,,
Iceland,ISL,Fossil fuel energy consumption (% of total),EG.USE.COMM.FO.ZS,,,,,,,,,,,,,,,,,,,,,,,,,,,,,,,28.16361089,27.37336205,29.15673566,29.57595155,29.43938186,28.76826454,30.24576612,29.09669259,27.25561128,23.72195023,22.00059319,22.18716212,22.3341155,22.12878289,23.27443764,22.89261128,19.03991555,15.68088431,12.41743902,11.47452035,11.51888054,10.25273575,10.32861882,10.38444434,10.90966049,11.66815576,0,0,0,0,0,0,0,0,0,
Israel,ISR,Fossil fuel energy consumption (% of total),EG.USE.COMM.FO.ZS,,,,,,,,,,,,,,,,,,,,,,,,,,,,,,,97.00443329,97.02488872,97.15606659,97.12080699,97.23753922,97.2622934,97.25223531,97.30608138,97.1622068,97.17166025,97.21454697,97.15492672,96.91864978,96.92470636,96.6492413,96.60352083,96.93212755,97.03289555,96.48936106,96.36279386,96.31563895,96.44527222,99.88711393,,,,0,0,0,0,0,0,0,0,0,
Italy,ITA,Fossil fuel energy consumption (% of total),EG.USE.COMM.FO.ZS,,,,,,,,,,,,,,,,,,,,,,,,,,,,,,,93.43128568,92.88832888,92.57419105,92.26309962,92.08093577,93.01737415,92.60717556,92.43583741,92.27788071,91.83283035,91.72130863,91.3947929,91.02713957,90.20683335,90.39672448,89.79136945,89.18082728,88.17283362,86.83138421,84.84085236,84.61937829,84.45465937,82.18630774,79.95486,78.58873521,78.98181672,0,0,0,0,0,0,0,0,0,
Jamaica,JAM,Fossil fuel energy consumption (% of total),EG.USE.COMM.FO.ZS,,,,,,,,,,,,,,,,,,,,,,,,,,,,,,,87.95014096,88.12577232,88.92547555,89.4773205,89.34564274,90.35023675,90.64076403,90.37494732,91.95323844,92.15022219,92.33261346,93.33522398,93.10480876,93.31247344,93.5581103,94.28958367,94.39377368,94.15815851,94.32830049,96.28063671,91.88351347,92.25894793,90.85014257,90.48835875,90.41364981,44.75239056,0,0,0,0,0,0,0,0,,
Jordan,JOR,Fossil fuel energy consumption (% of total),EG.USE.COMM.FO.ZS,,,,,,,,,,,,,,,,,,,,,,,,,,,,,,,98.13138365,98.19574066,98.52767303,98.44946728,98.46587478,98.55250815,98.58442028,98.57101176,98.56201849,98.5385886,98.45513462,98.00001209,97.9814997,96.96382613,97.66997389,97.89480274,97.89151247,98.4163242,98.00262582,97.9606777,97.35049824,96.00337043,97.33264631,97.62487933,97.63135949,58.1782306,0,0,0,0,0,0,0,0,,
Japan,JPN,Fossil fuel energy consumption (% of total),EG.USE.COMM.FO.ZS,,,,,,,,,,,,,,,,,,,,,,,,,,,,,,,84.89774702,84.1935988,84.36437943,82.87163153,83.12395299,81.87670012,81.58573334,80.73976297,79.74841154,80.96158422,81.00693831,80.96851772,81.81087609,84.23220374,82.55906881,81.54236163,81.24314883,83.31347369,83.02821986,80.55983674,80.76686766,89.53365273,94.63922761,94.64103565,95.09095403,93.79145081,0,0,0,0,0,0,0,0,0,
Kazakhstan,KAZ,Fossil fuel energy consumption (% of total),EG.USE.COMM.FO.ZS,,,,,,,,,,,,,,,,,,,,,,,,,,,,,,,96.94785671,97.24000403,97.55489649,98.08963811,96.57949225,97.25564037,97.19043125,97.36621042,97.63317828,97.60573467,97.24698008,97.48149242,97.92889484,98.50655831,98.95544131,98.66456723,,98.87991717,98.93786631,99.04584705,98.77615598,98.92430483,98.83120572,99.16662335,,,0,0,0,0,0,0,0,0,,
Kenya,KEN,Fossil fuel energy consumption (% of total),EG.USE.COMM.FO.ZS,,,,,,,,,,,,,,,,,,,,,,,,,,,,,,,17.66621375,16.70677752,16.46940411,15.95394137,14.78860234,15.57226682,16.30600853,15.55644447,16.47761966,16.90009593,18.10498009,16.28926842,15.51195241,13.04491102,13.95301469,15.21458339,16.77779994,16.3514894,16.7419663,18.53163839,19.39687954,18.79306028,16.99637642,18.37283655,17.92587224,16.04469663,0,0,0,0,0,0,0,0,0,
Kyrgyz Republic,KGZ,Fossil fuel energy consumption (% of total),EG.USE.COMM.FO.ZS,,,,,,,,,,,,,,,,,,,,,,,,,,,,,,,93.51989756,92.62211064,87.77401445,81.99750048,71.08881637,64.67306197,68.08730821,69.24425114,70.77703997,63.08171414,62.78371458,60.34155619,65.88615434,65.04972115,67.11899812,66.02251676,66.59024137,70.29155071,74.40872646,72.98706948,70.51915044,70.10334273,73.87067908,73.17187219,70.14086096,66.61526519,0,0,0,0,0,0,0,0,,
Cambodia,KHM,Fossil fuel energy consumption (% of total),EG.USE.COMM.FO.ZS,,,,,,,,,,,,,,,,,,,,,,,,,,,,,,,,,,,,18.07521946,18.2524475,18.53191662,19.53074596,20.13979948,20.38866594,21.23533129,21.26517483,22.3621472,22.38759943,24.28148617,25.53954327,27.77882192,27.41693424,31.92808874,33.98315227,33.57098105,33.60669863,33.30217576,35.18777347,42.38269713,0,0,0,0,0,0,0,0,,
Kiribati,KIR,Fossil fuel energy consumption (% of total),EG.USE.COMM.FO.ZS,,,,,,,,,,,,,,,,,,,,,,,,,,,,,,,0,,,,,,,,,,,,,,0,0,0,0,,,,,,,,,,,,,,,,,,
St. Kitts and Nevis,KNA,Fossil fuel energy consumption (% of total),EG.USE.COMM.FO.ZS,,,,,,,,,,,,,,,,,,,,,,,,,,,,,,,0,,,,,,,,,,,,,,0,0,0,0,,,,,,,,,,,,,,,,,,
"Korea, Rep.",KOR,Fossil fuel energy consumption (% of total),EG.USE.COMM.FO.ZS,,,,,,,,,,,,,,,,,,,,,,,,,,,,,,,86.96269957,86.08110323,85.43995378,86.59458704,87.42319404,86.43306527,86.91624157,88.77174324,84.2339326,84.57299836,85.037411,86.10461244,85.0004809,84.12139771,83.98678648,81.35112947,81.93945408,83.22312044,83.27027416,83.30513001,84.97727053,84.38952578,85.26135351,86.19853471,84.83767702,83.72495451,0,0,0,0,0,0,0,0,0,
Kuwait,KWT,Fossil fuel energy consumption (% of total),EG.USE.COMM.FO.ZS,,,,,,,,,,,,,,,,,,,,,,,,,,,,,,,,,,,,,,,,,,,,,98.73050361,97.75467353,,,,,96.35154621,94.22809053,98.94794497,98.26874669,99.61095523,-48.81496157,0,0,0,0,0,0,0,0,,
Latin America & Caribbean (excluding high income),LAC,Fossil fuel energy consumption (% of total),EG.USE.COMM.FO.ZS,,,,,,,,,,,,63.56543108,65.07472414,67.02183616,67.46319205,67.79881225,68.89845486,69.47779048,70.40646742,70.69666725,71.24728122,71.00809093,70.98938819,69.17332858,68.02858639,67.90902895,68.19759885,68.14217523,68.62980141,68.58555266,68.71634278,69.31789758,69.72715137,70.03190691,70.50730564,70.37233339,70.9831398,71.62050178,72.26209191,72.2021356,72.76129263,72.93588153,72.1974358,71.80643364,71.99946268,71.98833232,71.74901608,71.18082218,71.21539001,70.74768402,71.08607442,71.81068154,72.53808012,72.78776903,72.9078676,72.19601451,71.35442857,70.65848686,69.73473461,69.57954879,67.28031693,69.52583449,68.71306088,68.04769473,67.8538182,
Lao PDR,LAO,Fossil fuel energy consumption (% of total),EG.USE.COMM.FO.ZS,,,,,,,,,,,,,,,,,,,,,,,,,,,,,,,,,,,,,,,,,0,0,0,0,0,0,0,0,0,0,0,0,0,0,0,0,0,0,0,0,0,0,0,0,,
Lebanon,LBN,Fossil fuel energy consumption (% of total),EG.USE.COMM.FO.ZS,,,,,,,,,,,,,,,,,,,,,,,,,,,,,,,92.54160717,93.63527553,93.15065848,94.85027347,94.8843825,95.15813109,94.3353346,95.15901822,94.82867143,95.41199041,93.75254364,94.37141424,94.85906462,94.71377211,94.68660902,93.99266046,95.58643344,98.03423283,99.28329593,95.25004094,94.41574707,94.63308846,95.4053286,95.19189467,96.64752395,89.32472849,0,0,0,0,0,0,0,0,,
Liberia,LBR,Fossil fuel energy consumption (% of total),EG.USE.COMM.FO.ZS,,,,,,,,,,,,,,,,,,,,,,,,,,,,,,,,,,,,,,,,,,,,,,,,,,,,,,,,,,,,,,,,,,
Libya,LBY,Fossil fuel energy consumption (% of total),EG.USE.COMM.FO.ZS,,,,,,,,,,,,,,,,,,,,,,,,,,,,,,,98.87001269,98.88605155,98.88054132,98.92175946,99.04483453,99.0979045,,,99.32970993,,99.34093213,97.28846113,98.80032439,,,96.54406478,,,,,,81.08967801,89.17142755,,77.60554736,62.17909685,0,0,0,0,0,0,0,0,,
St. Lucia,LCA,Fossil fuel energy consumption (% of total),EG.USE.COMM.FO.ZS,,,,,,,,,,,,,,,,,,,,,,,,,,,,,,,0,,,,,,,,,,,,,,0,0,0,0,,,,,,,,,,,,,,,,,,
Latin America & Caribbean,LCN,Fossil fuel energy consumption (% of total),EG.USE.COMM.FO.ZS,,,,,,,,,,,,67.97081924,68.28538527,69.9702674,70.46069273,70.52809927,71.41666687,71.95304176,73.12634078,73.04884096,73.63076938,73.56061642,73.35550701,71.89404633,70.89654902,70.3894048,70.64157416,70.35065218,70.74417252,70.84407395,70.83369108,71.39021658,71.93278889,71.96804871,72.64729399,72.3612838,73.08702673,73.62786231,74.34637407,74.55004051,74.90743173,74.88332649,74.76747014,74.3050248,73.9428568,73.9459283,73.75230569,73.37364658,73.40896446,72.92150274,73.7710496,73.98314886,74.26892195,74.5013096,74.66157643,73.88067597,73.18221636,72.4031093,71.09926848,70.93616379,68.36542621,70.645871,69.79220055,68.99014845,67.50887553,
Least developed countries: UN classification,LDC,Fossil fuel energy consumption (% of total),EG.USE.COMM.FO.ZS,,,,,,,,,,,,14.03530013,14.04658203,14.68872895,14.49894204,13.33498674,13.81864857,13.75967403,13.88118916,14.05174592,15.01421063,14.635417,14.82110504,14.74652763,15.02561679,15.28677837,15.82379654,15.87707259,16.57488983,16.29153966,15.90278717,15.72439915,15.63100673,15.6264978,15.83937817,17.02386372,17.39066204,17.65613262,18.17684349,19.42247678,19.57289948,20.29222934,20.33908998,21.32799358,21.96498164,22.35377743,23.6126339,24.69467418,25.24688681,25.85322228,25.6929637,26.00528823,26.13460652,28.24865076,28.61326718,29.30113976,30.48081322,32.21124943,32.28462521,32.95918812,32.13515274,32.44416859,32.80074825,31.83543831,,
Low income,LIC,Fossil fuel energy consumption (% of total),EG.USE.COMM.FO.ZS,,,,,,,,,,,,52.68003452,54.97363511,55.59570994,56.16476912,56.42107894,57.24774015,58.25454271,59.22123058,60.9818053,61.25708854,61.78468294,62.84352955,63.52677252,64.21156179,64.00792346,63.44290097,62.86504008,63.13734834,62.51039782,49.90425835,49.51516589,46.63300495,44.59273829,42.80505819,41.70200657,40.19462384,39.69967791,41.29548895,42.82283855,43.54301146,43.39737573,42.79024466,42.86169949,43.20998969,45.45564232,46.093716,45.75208281,46.59096286,45.42607487,43.89197755,41.12175165,35.56456071,33.60888261,33.34416217,29.40720256,28.14801897,34.35359336,34.4952724,35.03886023,32.05735995,29.99641902,29.37585144,28.74923782,,
Liechtenstein,LIE,Fossil fuel energy consumption (% of total),EG.USE.COMM.FO.ZS,,,,,,,,,,,,,,,,,,,,,,,,,,,,,,,,,,,,,,,,,,,,,,,,,,,,,,,,,,,,,,,,,,
Sri Lanka,LKA,Fossil fuel energy consumption (% of total),EG.USE.COMM.FO.ZS,,,,,,,,,,,,,,,,,,,,,,,,,,,,,,,24.10935371,25.12938844,24.79341233,29.80085795,31.69398714,33.0581647,37.545243,37.67070536,38.92119825,39.83097928,43.01992209,43.34724815,44.57840583,46.36261907,45.78774773,45.28484175,43.43131036,45.37929305,45.33457687,43.04243147,43.01574461,51.50229449,52.18813695,48.96521391,53.62706686,41.04888503,0,0,0,0,0,0,0,0,,
Lower middle income,LMC,Fossil fuel energy consumption (% of total),EG.USE.COMM.FO.ZS,,,,,,,,,,,,32.44730924,32.77047804,33.37682592,33.9194345,34.44184708,35.24416005,35.88384259,35.75934552,36.81975756,37.36267123,38.69436565,39.77937383,40.54999336,40.859504,42.27270526,42.63871472,44.20030888,45.33575099,46.38365024,56.75937117,57.40503491,57.91170804,58.34609805,58.32637868,59.18915056,59.90414995,60.59210793,60.77723543,61.63077486,62.07229981,62.37305603,63.0473473,63.22483779,63.89522424,64.43017033,64.87137064,65.77239495,66.86335055,67.59376588,68.48439041,68.74516986,69.27402441,69.06040494,70.18768593,70.78628778,71.02973859,71.21471677,71.43818882,71.46469436,70.43488998,70.87421805,71.10259173,72.04476786,20.26,
Low & middle income,LMY,Fossil fuel energy consumption (% of total),EG.USE.COMM.FO.ZS,44.19907189,44.15911347,49.04966574,51.62627951,53.97489237,56.08172971,59.44922184,60.62461071,62.18319547,64.16108791,65.65402953,53.64264739,54.65603326,55.85387363,56.38006737,57.90167183,58.83845437,60.46203293,61.84007643,62.30056976,62.41592946,62.46584846,63.19916452,63.33139224,64.04853694,64.54054183,65.04442886,65.81926002,66.51477261,66.83389342,73.88437294,73.68760845,73.48901473,73.71551054,73.5857159,74.18810674,74.32102953,74.50890876,74.54009126,74.89094846,75.71887989,76.15751333,76.6381562,77.83005584,79.0326649,79.86243209,80.48232302,81.22782613,81.58442387,81.95934572,82.58324304,83.14648514,83.13303935,82.99779949,82.8855981,82.47273467,81.95459001,81.81513646,81.57847615,81.44609584,80.89506772,81.14088574,80.73939007,81.04120864,68.67507043,
Lesotho,LSO,Fossil fuel energy consumption (% of total),EG.USE.COMM.FO.ZS,,,,,,,,,,,,,,,,,,,,,,,,,,,,,,,,,,,,,,,,,,,,,0,0,0,0,,,,,,,,,,,,,,,,,,
Late-demographic dividend,LTE,Fossil fuel energy consumption (% of total),EG.USE.COMM.FO.ZS,96.02612609,96.20098474,96.38701005,96.43044142,96.56313379,96.9250631,96.67282032,96.5103709,96.1321333,96.30037292,96.7209182,67.37176674,68.04089221,68.9197898,69.06654592,70.52788869,71.23868232,72.59808158,74.32016739,74.3242835,74.01266433,72.91328296,73.25108086,73.73706645,74.09202379,73.8400588,74.55205166,75.11264413,75.69902926,75.57896,83.50319708,83.13531527,82.58727764,82.34780101,81.91762654,82.20009086,82.51927716,82.24794971,82.27281485,82.1565184,82.49622976,83.05591175,83.33002123,84.3598219,85.15067586,85.85369366,86.363271,86.83929759,86.97343205,87.1643356,87.73769135,88.33465266,88.13198967,88.03603187,87.67958237,87.26906744,86.6856524,86.40755639,86.16445648,85.81453453,85.5120007,85.68733553,85.25048253,85.10662374,58.80438278,
Lithuania,LTU,Fossil fuel energy consumption (% of total),EG.USE.COMM.FO.ZS,,,,,,,,,,,,,,,,,,,,,,,,,,,,,,,75.74976811,77.72312986,65.05564833,61.01388189,66.80768023,59.96931923,58.61633823,60.09008143,59.15698875,60.1979071,58.58862141,57.35860265,53.36164398,52.06210589,53.25392477,59.76240572,61.05636411,60.96047225,60.19058081,55.35130094,74.27278421,73.8607386,72.88450958,70.04905144,68.19486523,-61.37885498,0,0,0,0,0,0,0,0,0,
Luxembourg,LUX,Fossil fuel energy consumption (% of total),EG.USE.COMM.FO.ZS,,,,,,,,,,,,,,,,,,,,,,,,,,,,,,,89.16955895,89.30562776,89.32514482,89.34016397,87.94682133,84.91759671,85.62389032,84.28060059,82.71524615,83.01031528,83.38564304,84.94548849,89.84097837,89.66399498,91.31897434,91.15822864,90.31912594,88.02920465,86.98306785,88.62658222,87.89035703,86.93768748,87.19761991,84.40710174,83.11884303,80.55793957,0,0,0,0,0,0,0,0,0,
Latvia,LVA,Fossil fuel energy consumption (% of total),EG.USE.COMM.FO.ZS,,,,,,,,,,,,,,,,,,,,,,,,,,,,,,,81.40013787,79.58769767,76.39583037,73.36556453,70.50401214,66.41961014,65.22845574,65.07870141,64.98752914,63.32170186,63.38124789,63.66348969,63.40493239,63.62655431,62.97973078,63.17427532,64.78708485,65.13081472,65.08034581,61.11626629,65.82825714,62.89155018,58.02871698,58.91256542,56.71257196,58.96934247,0,0,0,0,0,0,0,0,0,
"Macao SAR, China",MAC,Fossil fuel energy consumption (% of total),EG.USE.COMM.FO.ZS,,,,,,,,,,,,,,,,,,,,,,,,,,,,,,,,,,,,,,,,,,,,,,,,,,,,,,,,,,,,,,,,,,
St. Martin (French part),MAF,Fossil fuel energy consumption (% of total),EG.USE.COMM.FO.ZS,,,,,,,,,,,,,,,,,,,,,,,,,,,,,,,,,,,,,,,,,,,,,,,,,,,,,,,,,,,,,,,,,,
Morocco,MAR,Fossil fuel energy consumption (% of total),EG.USE.COMM.FO.ZS,,,,,,,,,,,,,,,,,,,,,,,,,,,,,,,85.48409535,84.59386902,85.26663473,86.0312225,86.66823161,87.00851905,86.36583703,86.51451093,86.38484409,86.94943108,86.52857641,87.54590736,87.79542677,87.14549869,82.24495835,84.95150001,85.5182876,85.98582296,86.97609471,86.96760323,87.09740193,88.62996279,89.09182771,88.31820404,88.36457319,72.86096243,0,0,0,0,0,0,0,0,,
Monaco,MCO,Fossil fuel energy consumption (% of total),EG.USE.COMM.FO.ZS,,,,,,,,,,,,,,,,,,,,,,,,,,,,,,,,,,,,,,,,,,,,,,,,,,,,,,,,,,,,,,,,,,
Moldova,MDA,Fossil fuel energy consumption (% of total),EG.USE.COMM.FO.ZS,,,,,,,,,,,,,,,,,,,,,,,,,,,,,,,,,99.71644545,98.31899309,97.25575754,94.67405712,94.279758,93.22324034,92.81822406,92.16672,91.4662879,90.95231632,89.46724993,87.78955226,89.27814193,88.7532521,87.99411289,89.14645914,88.89267093,92.42786425,84.99734803,83.16975755,82.1328181,78.22686155,80.22457429,81.54914934,0,0,0,0,0,0,0,0,,
Madagascar,MDG,Fossil fuel energy consumption (% of total),EG.USE.COMM.FO.ZS,,,,,,,,,,,,,,,,,,,,,,,,,,,,,,,0,0,0,0,0,0,0,0,0,0,0,0,0,0,0,0,0,0,0,0,0,0,0,0,0,0,0,0,0,0,0,0,0,0,,
Maldives,MDV,Fossil fuel energy consumption (% of total),EG.USE.COMM.FO.ZS,,,,,,,,,,,,,,,,,,,,,,,,,,,,,,,0,,,,,,,,,,,,,,0,0,0,0,,,,,,,,,,,,,,,,,,
"Middle East, North Africa, Afghanistan & Pakistan",MEA,Fossil fuel energy consumption (% of total),EG.USE.COMM.FO.ZS,,,,,,,,,,,,82.32248982,82.48091436,83.03506829,84.21204398,84.61518628,85.59136999,86.43192252,86.95683409,88.52183333,89.38851428,89.76222085,90.59043487,91.16641065,91.37749007,91.22079052,91.53900049,91.75709694,92.32464649,92.63398255,92.06439188,92.23049605,92.62925125,92.94942167,93.17589868,93.24738903,93.28790694,93.52100617,93.51527171,93.67736321,93.67870801,93.83498637,93.94282825,93.8357715,93.83734318,93.95617626,94.10553802,94.29327749,94.79653493,94.8152254,94.8358678,94.85834722,95.04151821,94.8622687,95.05610294,95.0890273,95.14759466,95.3268232,95.33022948,95.2348804,95.22455321,95.05109701,94.5446335,94.28659842,95.07,
Mexico,MEX,Fossil fuel energy consumption (% of total),EG.USE.COMM.FO.ZS,,,,,,,,,,,,,,,,,,,,,,,,,,,,,,,86.81312656,86.86919977,86.36175645,86.35770063,87.53248788,85.55435913,85.62566425,86.03873436,86.48758151,86.40428424,86.09083839,87.61628161,87.39775972,86.78694439,86.02093505,87.06760897,88.05906069,87.58195979,86.99676901,89.98294296,87.99242429,88.29007121,90.44603248,90.02831193,89.51699982,90.90222947,0,0,0,0,0,0,0,0,0,
Marshall Islands,MHL,Fossil fuel energy consumption (% of total),EG.USE.COMM.FO.ZS,,,,,,,,,,,,,,,,,,,,,,,,,,,,,,,,,,,,,,,,,,,,,0,0,0,0,,,,,,,,,,,,,,,,,,
Middle income,MIC,Fossil fuel energy consumption (% of total),EG.USE.COMM.FO.ZS,44.19907189,44.15911347,49.04966574,51.62627951,53.97489237,56.08172971,59.44922184,60.62461071,62.18319547,64.16108791,65.65402953,53.6810313,54.64311519,55.86416878,56.38861493,57.95823187,58.89898924,60.54465854,61.93687857,62.35058188,62.46011418,62.49213488,63.21300965,63.32361858,64.04214918,64.56103418,65.10406733,65.9247637,66.6335296,66.98157371,74.7268021,74.53177634,74.39268213,74.65098887,74.5637678,75.19959747,75.35987577,75.57519655,75.52859496,75.85813608,76.6729898,77.14372567,77.63527668,78.81463558,79.989592,80.78053718,81.38105132,82.08477911,82.4355171,82.83712677,83.45245003,84.04093658,84.10986446,83.99462434,83.88417669,83.50666566,83.00490975,82.81087941,82.55647966,82.4050592,81.94078111,82.19258648,81.81949028,82.10475915,68.67507043,
North Macedonia,MKD,Fossil fuel energy consumption (% of total),EG.USE.COMM.FO.ZS,,,,,,,,,,,,,,,,,,,,,,,,,,,,,,,98.00661285,96.75600218,89.48967992,89.19431352,89.29797876,88.76023998,90.88137181,89.48618763,90.86521433,88.69709196,87.31730655,89.80503594,88.40623624,86.21743841,85.01377377,81.30945032,82.96705168,83.70256181,83.31848215,84.36726705,81.35001089,81.6682682,81.33437035,79.05223417,77.33296889,76.88077663,0,0,0,0,0,0,0,0,,
Mali,MLI,Fossil fuel energy consumption (% of total),EG.USE.COMM.FO.ZS,,,,,,,,,,,,,,,,,,,,,,,,,,,,,,,,,,,,,,,,,,,,,,,,,,,,,,,,,,,,,,,,,,
Malta,MLT,Fossil fuel energy consumption (% of total),EG.USE.COMM.FO.ZS,,,,,,,,,,,,,,,,,,,,,,,,,,,,,,,,,,,,,,,,,,,99.97002687,99.96469471,99.95163474,,98.03899623,,94.77933006,96.49385661,99.16131001,98.79581018,98.45484547,97.99925765,97.38233356,82.39871616,0,0,0,0,0,0,0,0,,
Myanmar,MMR,Fossil fuel energy consumption (% of total),EG.USE.COMM.FO.ZS,,,,,,,,,,,,,,,,,,,,,,,,,,,,,,,14.46315788,14.65364879,13.67960335,17.72486535,19.6438064,21.07058523,22.1192327,22.05284221,23.31331972,24.63149475,25.65816725,22.10538609,23.33083033,26.42784391,29.42040946,28.15206246,28.50217795,30.32979072,27.23014311,22.28302227,20.57704882,20.41072678,26.42397209,30.44224098,46.62739691,44.63430817,0,0,0,0,0,0,0,0,,
"Middle East, North Africa, Afghanistan & Pakistan (excluding high income)",MNA,Fossil fuel energy consumption (% of total),EG.USE.COMM.FO.ZS,,,,,,,,,,,,75.89053354,76.93270182,78.81220512,80.22600916,81.0578715,82.06430637,82.89072822,82.97107213,84.45790005,84.5800741,85.474826,86.66609178,86.49674645,87.1539813,87.70533336,87.49991369,87.56470787,87.94314524,88.62972982,88.22695637,88.33977481,88.73021636,89.21884414,89.55408798,89.74179204,89.63461609,90.22907693,90.04947882,90.38073572,90.15905284,90.33430324,90.34350302,90.17892655,90.36757861,90.61520384,90.71581605,90.95039674,91.64618208,91.58934264,91.4243498,91.40660176,91.50377367,91.16633701,91.48227195,91.27563969,91.53993616,92.06627597,92.13712401,92.2055741,92.27082278,92.42733512,91.86532167,92.03293427,,
Montenegro,MNE,Fossil fuel energy consumption (% of total),EG.USE.COMM.FO.ZS,,,,,,,,,,,,,,,,,,,,,,,,,,,,,,,,,,,,,,,,,,,,,,55.20556814,59.63367046,56.89872478,63.91756727,55.45580623,64.73790282,63.3695614,61.49066942,63.96491499,64.71329926,65.70165474,0,0,0,0,0,0,0,0,,
Mongolia,MNG,Fossil fuel energy consumption (% of total),EG.USE.COMM.FO.ZS,,,,,,,,,,,,,,,,,,,,,,,,,,,,,,,94.79024647,97.57762999,97.25973584,96.80581262,96.44050381,96.22797799,95.50929118,95.7249411,95.73979992,96.37476581,94.0201217,93.21779377,93.10401582,92.89495952,93.10360262,94.0112661,94.31389096,94.58525062,94.59928487,94.8423063,94.84662944,95.21705906,95.9248334,94.98170755,94.79293668,98.55606068,0,0,0,0,0,0,0,0,,
Northern Mariana Islands,MNP,Fossil fuel energy consumption (% of total),EG.USE.COMM.FO.ZS,,,,,,,,,,,,,,,,,,,,,,,,,,,,,,,,,,,,,,,,,,,,,,,,,,,,,,,,,,,,,,,,,,
Mozambique,MOZ,Fossil fuel energy consumption (% of total),EG.USE.COMM.FO.ZS,,,,,,,,,,,,,,,,,,,,,,,,,,,,,,,5.566007291,5.022505856,5.619168613,6.271633546,5.461977333,5.743769573,5.605018026,6.527707484,5.331453762,5.5820767,6.731142508,6.55830996,5.911134902,6.75866379,6.638649431,5.919194152,6.139507352,9.291569068,8.816052304,9.176629258,10.84549685,10.66843701,9.830294478,10.41226589,14.85477312,23.68365751,0,0,0,0,0,0,0,0,,
Mauritania,MRT,Fossil fuel energy consumption (% of total),EG.USE.COMM.FO.ZS,,,,,,,,,,,,,,,,,,,,,,,,,,,,,,,,,,,,,,,,,,,,,,,,,,,,,,,,,,,,,,,,,,
Mauritius,MUS,Fossil fuel energy consumption (% of total),EG.USE.COMM.FO.ZS,,,,,,,,,,,,,,,,,,,,,,,,,,,,,,,55.45476772,58.45232273,59.04555712,62.67488322,65.86934134,63.29306101,65.39140684,63.78368606,65.4879042,75.7488401,73.8611897,73.52558478,75.41839385,75.83916377,75.46051908,77.39566882,79.54170861,80.32411227,79.42503648,81.04460029,81.86571993,82.43594267,83.27225206,84.47094738,85.05562342,83.34124636,0,0,0,0,0,0,0,0,,
Malawi,MWI,Fossil fuel energy consumption (% of total),EG.USE.COMM.FO.ZS,,,,,,,,,,,,,,,,,,,,,,,,,,,,,,,,,,,,,,,,,,,,,,,,,,,,,,,,,,,,,,,,,,
Malaysia,MYS,Fossil fuel energy consumption (% of total),EG.USE.COMM.FO.ZS,,,,,,,,,,,,,,,,,,,,,,,,,,,,,,,92.5940629,93.93945288,94.51296373,94.63744368,94.12040729,94.6532636,95.39085985,96.32946136,95.93437246,95.41418935,96.05540489,96.25893648,96.73836932,97.11586196,97.2544908,97.85119606,97.76172294,,99.03425292,99.38348806,98.01093547,97.95303448,98.0671355,98.04007583,97.94032378,67.09043699,0,0,0,0,0,0,0,0,,
North America,NAC,Fossil fuel energy consumption (% of total),EG.USE.COMM.FO.ZS,94.66844187,94.72183996,94.8003376,95.00987243,95.02844149,95.12301563,95.1875987,95.19445704,95.11948012,95.01774601,94.99900158,94.7043859,94.41601434,93.94958222,93.11362846,92.27313951,92.1491038,91.54944919,90.81850214,90.84675367,90.38192495,89.73927309,88.98087588,88.25559694,87.73122662,87.03648334,86.25047548,86.03335706,85.78279115,85.88501206,85.14211238,84.35815614,84.35844399,84.75045346,84.45282991,84.14018494,84.24976823,85.25197229,85.04795809,84.75138794,84.94152718,85.35959888,85.19758241,85.2952884,85.0024659,84.90141059,84.540336,84.56591018,83.90219135,83.16280642,83.19007396,82.66752177,82.55251014,82.0249548,81.95545049,81.91787656,81.50903134,81.2550932,81.34655278,81.26309285,80.06609269,80.66421268,80.69512493,80.1388057,80.24281002,
Namibia,NAM,Fossil fuel energy consumption (% of total),EG.USE.COMM.FO.ZS,,,,,,,,,,,,,,,,,,,,,,,,,,,,,,,,55.1184821,56.42678316,59.87620874,64.0575395,64.71576328,65.37989825,65.79038126,64.843511,64.00112782,60.46028063,65.49537934,61.97989127,62.52053091,60.399853,60.6027578,60.09788892,61.19490734,62.60793645,61.76843433,74.95486302,74.80103619,74.29708638,76.72027035,75.50164666,75.64009262,0,0,0,0,0,0,0,0,,
New Caledonia,NCL,Fossil fuel energy consumption (% of total),EG.USE.COMM.FO.ZS,,,,,,,,,,,,,,,,,,,,,,,,,,,,,,,,,,,,,,,,,,,,,,,,,,,,,,,,,,,,,,,,,,
Niger,NER,Fossil fuel energy consumption (% of total),EG.USE.COMM.FO.ZS,,,,,,,,,,,,,,,,,,,,,,,,,,,,,,,0,0,0,0,0,0,0,0,0,0,14.34574318,13.78279589,14.2733322,15.07049386,16.11406419,14.02356221,13.68343736,14.24087291,15.26689916,17.28549595,21.09284197,24.15120735,29.51366429,26.73650579,23.82343917,-2.14899996,0,0,0,0,0,0,0,0,,
Nigeria,NGA,Fossil fuel energy consumption (% of total),EG.USE.COMM.FO.ZS,,,,,,,,,,,,,,,,,,,,,,,,,,,,,,,48.81072829,51.24291488,52.51176151,51.45891591,45.05833486,45.94832873,47.43930188,46.89092303,43.00985173,43.96350504,45.82673658,48.88896218,48.64251994,52.23840043,53.37570132,51.49424707,48.72059606,44.75566117,46.03594258,41.79132978,38.82087241,37.49348464,39.81161766,39.11817504,39.16777705,41.68556094,0,0,0,0,0,0,0,0,,
Nicaragua,NIC,Fossil fuel energy consumption (% of total),EG.USE.COMM.FO.ZS,,,,,,,,,,,,,,,,,,,,,,,,,,,,,,,29.36023111,28.67540553,32.42145228,32.91291664,36.55623134,37.35702264,37.79593426,38.93030446,43.86585491,46.87292253,46.08416486,48.35441329,48.42106195,49.2293093,48.21795659,48.58216146,46.64888338,47.71089449,45.53744206,46.85930301,45.68173871,48.07046783,42.53383654,41.32752086,41.86873035,25.87948741,0,0,0,0,0,0,0,0,,
Netherlands,NLD,Fossil fuel energy consumption (% of total),EG.USE.COMM.FO.ZS,,,,,,,,,,,,,,,,,,,,,,,,,,,,,,,95.98834542,96.19205654,95.89487113,95.35658855,95.80145207,96.43429899,96.41794269,96.43591117,95.96423651,95.05872314,94.72018544,95.30722566,95.32862733,95.49304174,95.90730963,94.87667431,94.36714996,94.58581178,94.12828422,94.00691437,94.54845841,92.68107418,92.16725024,93.83025069,93.29818877,92.03582274,0,0,0,0,0,0,0,0,0,
Norway,NOR,Fossil fuel energy consumption (% of total),EG.USE.COMM.FO.ZS,,,,,,,,,,,,,,,,,,,,,,,,,,,,,,,52.05193441,52.9450491,53.59272746,54.74897475,53.37272822,53.03947746,52.45819951,54.56703362,54.03490603,55.1960275,54.34360327,55.64902666,53.52061127,58.87464106,51.74257624,50.48254031,52.3316708,56.16885462,64.94429053,65.99682015,67.7236819,58.86074824,58.80961113,65.61167162,58.7135472,67.19909359,0,0,0,0,0,0,0,0,0,
Nepal,NPL,Fossil fuel energy consumption (% of total),EG.USE.COMM.FO.ZS,,,,,,,,,,,,,,,,,,,,,,,,,,,,,,,5.050242011,6.008783612,6.286160799,6.700636559,7.852606732,8.557248175,8.667246681,9.654316975,9.928833705,12.50422554,11.97178309,12.35048872,10.15595112,10.60820131,9.703645764,10.64508879,8.828744081,8.613670926,9.885269634,11.03962662,12.59674411,12.98571427,15.10883516,13.45296125,15.17631986,14.43028123,0,0,0,0,0,0,0,0,,
Nauru,NRU,Fossil fuel energy consumption (% of total),EG.USE.COMM.FO.ZS,,,,,,,,,,,,,,,,,,,,,,,,,,,,,,,,,,,,,,,,,,,,,,,,,,,,,,,,,,,,,,,,,,
New Zealand,NZL,Fossil fuel energy consumption (% of total),EG.USE.COMM.FO.ZS,,,,,,,,,,,,,,,,,,,,,,,,,,,,,,,66.05039061,66.41328395,68.37340064,67.61195231,67.81364829,67.26412621,69.10417415,71.27668325,68.90530885,70.45229752,68.88818452,71.94212128,69.95392874,70.30170455,68.49680449,68.53246526,67.83993293,67.53485208,66.55700317,64.13457449,62.19889703,60.759023,63.35966128,61.70424431,60.86576512,59.86767533,0,0,0,0,0,0,0,0,0,
OECD members,OED,Fossil fuel energy consumption (% of total),EG.USE.COMM.FO.ZS,94.1345468,94.09571954,94.21763357,94.42413857,94.5373993,94.52379554,94.43048498,94.56634525,94.56557654,94.63801786,94.54807463,94.10380572,93.81867405,93.84281226,93.17677008,92.38051128,92.42109056,91.76886536,91.15522835,91.10874014,90.52003893,89.46395415,88.63824589,87.66297739,86.71779863,85.68500776,84.98240712,84.6246367,84.31593959,84.20775311,83.66997252,83.16772983,83.01132828,82.79866607,82.75677055,82.43129215,82.45966091,82.78926433,82.54593665,82.41503321,82.51699216,82.58889553,82.5654336,82.83572596,82.4591072,82.18117498,81.92232497,82.14018088,81.54629976,80.76227526,80.62414578,80.98920027,81.03855904,80.57150265,80.19214024,80.00496118,79.81322069,79.64140427,79.25868035,78.79863878,77.76527702,77.97511114,78.11402301,77.06532793,76.65090195,
Oman,OMN,Fossil fuel energy consumption (% of total),EG.USE.COMM.FO.ZS,,,,,,,,,,,,,,,,,,,,,,,,,,,,,,,,,,99.12459963,,99.98424932,,,,99.96585079,,,99.56171651,,99.12017159,99.92129284,99.98600989,99.9426351,,99.64960504,,99.99078786,99.56735143,,99.9851725,71.47228435,0,0,0,0,0,0,0,0,,
Other small states,OSS,Fossil fuel energy consumption (% of total),EG.USE.COMM.FO.ZS,72.12772797,69.75669076,69.2171756,69.71001925,68.16741661,69.59110063,68.76136156,66.240798,65.51641275,57.043839,54.34603204,64.20333286,69.34390254,68.08280668,69.68126976,71.48218158,73.74798445,74.30878479,73.98871811,72.52630663,73.86040526,70.57389844,67.28613778,67.35818906,71.65609373,71.1956622,71.90734411,69.46483102,71.3673738,72.36935956,84.39639978,86.19582342,83.73978905,81.9516213,81.52941758,79.38007443,78.86601809,78.88154973,77.83841652,76.50329168,74.94351532,75.27212562,74.402973,76.45514294,71.94861682,70.87000016,69.61105606,68.90871679,69.60994583,64.77276484,67.95173268,66.84149377,65.77139826,64.20276896,64.82165993,60.96799018,64.8691739,65.30410931,63.05630214,61.05447395,58.41919607,59.36143857,61.46628658,57.99888536,29.3606227,
Pakistan,PAK,Fossil fuel energy consumption (% of total),EG.USE.COMM.FO.ZS,,,,,,,,,,,,,,,,,,,,,,,,,,,,,,,52.48010242,52.20205588,53.50396144,54.92647289,54.93556858,55.86688784,57.3879755,57.55691264,57.51498041,59.19405894,58.87059024,58.24285055,57.50847254,57.88584726,59.70433909,60.08330179,60.88648037,62.19883202,61.3362219,60.7374727,59.9071929,59.34613523,59.16198318,59.12609419,59.60529825,45.09017912,0,0,0,0,0,0,0,0,,
Panama,PAN,Fossil fuel energy consumption (% of total),EG.USE.COMM.FO.ZS,,,,,,,,,,,,,,,,,,,,,,,,,,,,,,,58.90524166,62.47251826,65.95255484,64.61320286,67.02512643,69.57544663,67.50821185,67.73415029,74.92132422,71.82511039,75.7460269,80.6861402,75.38017869,78.1730583,74.27490204,77.26599806,78.63409448,78.41430804,76.52364119,81.52183528,85.31701352,84.43139513,82.29633028,82.77091278,84.40999387,83.07738093,0,0,0,0,0,0,0,0,,
Peru,PER,Fossil fuel energy consumption (% of total),EG.USE.COMM.FO.ZS,,,,,,,,,,,,,,,,,,,,,,,,,,,,,,,63.27714494,62.64943266,64.20216553,65.57237446,66.35846014,68.62034097,69.50225521,68.6152325,62.98602214,65.02401031,63.48161285,61.16177652,61.34376485,60.44013934,64.49367496,66.16363866,64.08230551,66.48556525,68.92027309,68.65873482,72.58770162,69.60195408,72.45588076,74.6030868,86.19023677,32.84822123,0,0,0,0,0,0,0,0,,
Philippines,PHL,Fossil fuel energy consumption (% of total),EG.USE.COMM.FO.ZS,,,,,,,,,,,,,,,,,,,,,,,,,,,,,,,46.06815005,45.59835508,49.25923824,52.64873011,53.95246263,57.4279974,58.55452321,59.71327305,57.51495517,54.65441011,54.68270537,56.22633566,57.85055719,59.37318543,58.86134747,58.73965477,57.18330779,57.10178348,56.78372437,54.10565832,58.42114843,57.86585769,58.71178062,60.79772327,61.60315891,43.30246567,0,0,0,0,0,0,0,0,,
Palau,PLW,Fossil fuel energy consumption (% of total),EG.USE.COMM.FO.ZS,,,,,,,,,,,,,,,,,,,,,,,,,,,,,,,0,,,,,,,,,,,,,,,,,,,,,,,,,,,,,,,,,,,
Papua New Guinea,PNG,Fossil fuel energy consumption (% of total),EG.USE.COMM.FO.ZS,,,,,,,,,,,,,,,,,,,,,,,,,,,,,,,,,,,,,,,,,,,,,,,,,,,,,,,,,,,,,,,,,,
Poland,POL,Fossil fuel energy consumption (% of total),EG.USE.COMM.FO.ZS,,,,,,,,,,,,,,,,,,,,,,,,,,,,,,,97.80253521,98.04790699,98.0439933,95.55378054,95.37475729,95.43038845,95.89683368,95.99082425,96.06241011,96.31926091,96.1618343,95.9112339,95.93668257,96.23133226,95.94957642,95.98914543,95.75304,95.12885856,94.15759267,93.27710018,92.3871757,92.12947592,91.08084359,91.09273684,90.07373172,89.98178978,0,0,0,0,0,0,0,0,0,
Pre-demographic dividend,PRE,Fossil fuel energy consumption (% of total),EG.USE.COMM.FO.ZS,,,,,,,,,,,,16.5408051,17.4853176,18.41787641,18.62006886,19.24385421,21.08291632,21.92892662,23.25210127,24.42955878,24.45400943,24.48085356,24.87611342,25.84592171,25.33091881,26.3349357,26.32760535,26.1677075,27.7763332,28.49023602,33.99698323,32.18619617,35.73917716,37.46680553,36.72753869,35.6165296,35.4237706,37.88915784,33.54690876,31.81028606,34.1495568,35.03767309,34.31869737,33.44656459,33.43294578,33.92496944,33.17349023,33.55157183,34.70655655,34.25804831,37.72809614,39.5875303,38.21071851,39.3759976,39.52059842,38.55487283,39.59353336,40.09588837,40.07265887,41.45909074,38.78522967,39.93827295,40.90081278,40.84135424,20.26,
Puerto Rico (US),PRI,Fossil fuel energy consumption (% of total),EG.USE.COMM.FO.ZS,,,,,,,,,,,,,,,,,,,,,,,,,,,,,,,,,,,,,,,,,,,,,,,,,,,,,,,,,,,,,,,,,,
"Korea, Dem. People's Rep.",PRK,Fossil fuel energy consumption (% of total),EG.USE.COMM.FO.ZS,,,,,,,,,,,,,,,,,,,,,,,,,,,,,,,93.0888258,92.88746476,92.07270387,91.64583985,90.6330428,89.8627517,89.17157542,89.6785445,89.13740559,89.76578054,90.4547827,90.56708569,90.12485775,89.83707341,89.701476,89.81574622,90.08883201,87.98852679,88.73857548,69.66823239,66.88670719,62.94650196,66.67090695,58.36890022,61.63431813,56.00403502,0,0,0,0,0,0,0,0,,
Portugal,PRT,Fossil fuel energy consumption (% of total),EG.USE.COMM.FO.ZS,,,,,,,,,,,,,,,,,,,,,,,,,,,,,,,80.45048374,80.59952662,83.57649748,81.96683653,80.82237613,83.18021208,80.5536181,81.02320467,83.49751479,86.51237182,84.03297743,83.38213442,85.25284402,81.77021159,82.75214557,84.11764961,80.81174575,79.23773811,78.62915491,78.08251226,75.12563051,75.65478978,75.80654224,73.43074253,72.78057369,77.40885043,0,0,0,0,0,0,0,0,0,
Paraguay,PRY,Fossil fuel energy consumption (% of total),EG.USE.COMM.FO.ZS,,,,,,,,,,,,,,,,,,,,,,,,,,,,,,,21.33092371,20.14165054,23.88090787,26.5673863,28.46461901,29.54942513,28.6273223,29.18402584,30.96797074,32.35911046,28.13686806,28.75042168,30.44559843,30.86124918,31.02453221,28.9710569,30.06528952,30.73234623,29.80585521,30.24521928,32.27525896,33.32572752,34.16597665,33.25253542,33.37231262,33.52560195,0,0,0,0,0,0,0,0,,
West Bank and Gaza,PSE,Fossil fuel energy consumption (% of total),EG.USE.COMM.FO.ZS,,,,,,,,,,,,,,,,,,,,,,,,,,,,,,,,,,,,,,,,,,,,,,,,,,,,,,,,,,,,,,,,,,
Pacific island small states,PSS,Fossil fuel energy consumption (% of total),EG.USE.COMM.FO.ZS,,,,,,,,,,,,,,,,,,,,,,,,,,,,,,,0,,,,,,,,,,,,,,0,0,0,0,,,,,,,,,,,,,,,,,,
Post-demographic dividend,PST,Fossil fuel energy consumption (% of total),EG.USE.COMM.FO.ZS,94.37437442,94.32708086,94.43069422,94.6243072,94.72527767,94.68512728,94.58867053,94.72457673,94.72488906,94.77968151,94.65679129,94.42032995,94.1115795,94.0943595,93.3994662,92.57874278,92.59162624,91.88540549,91.20426394,91.17403507,90.53478658,89.42133738,88.53099943,87.50957821,86.48113111,85.34984388,84.67126619,84.28843261,83.97584858,83.84360335,83.99125998,83.46869232,83.20235124,82.94011594,82.78241503,82.45493662,82.33305873,82.59907305,82.32111899,82.22046991,82.28058937,82.33385559,82.32571537,82.58902805,82.20145338,81.85173387,81.52621331,81.73967096,81.11945748,80.25839977,80.14270124,80.48522722,80.58441133,80.14730774,79.65798517,79.43805236,79.21542692,79.02834849,78.72143081,78.31191998,77.28587344,77.36464547,77.62245691,76.51157276,75.98599816,
French Polynesia,PYF,Fossil fuel energy consumption (% of total),EG.USE.COMM.FO.ZS,,,,,,,,,,,,,,,,,,,,,,,,,,,,,,,,,,,,,,,,,,,,,,,,,,,,,,,,,,,,,,,,,,
Qatar,QAT,Fossil fuel energy consumption (% of total),EG.USE.COMM.FO.ZS,,,,,,,,,,,,,,,,,,,,,,,,,,,,,,,99.88985879,99.8968217,99.94852847,99.95829363,99.95659958,99.93841109,99.94104051,,,,,,,,99.95766733,99.95831747,99.9878432,99.95715645,99.95787791,99.99372461,,,,,,52.94986436,0,0,0,0,0,0,0,0,,
Romania,ROU,Fossil fuel energy consumption (% of total),EG.USE.COMM.FO.ZS,,,,,,,,,,,,,,,,,,,,,,,,,,,,,,,96.57333147,95.46837169,96.32130755,94.52811711,94.30555583,93.13471483,90.70809969,85.92328878,85.12551283,84.32024415,84.75752616,86.38033155,86.73481121,86.42422176,84.31277686,83.96592483,85.18667012,83.33764289,80.00378556,76.80634907,75.30552674,77.8886269,76.65369549,73.76161681,73.08670188,39.00551001,0,0,0,0,0,0,0,0,,
Russian Federation,RUS,Fossil fuel energy consumption (% of total),EG.USE.COMM.FO.ZS,,,,,,,,,,,,,,,,,,,,,,,,,,,,,,,93.37899127,93.35687992,92.5611482,92.39287517,92.56321284,92.28516028,92.28398752,92.05140743,92.09763804,91.28740239,91.11102053,90.89618296,90.72643378,90.90480708,90.67398898,90.68245447,90.60676978,90.5376491,90.96162445,90.20404927,89.88945166,91.69254756,92.74488819,92.20777781,92.38296823,49.94041087,0,0,0,0,0,0,0,0,,
Rwanda,RWA,Fossil fuel energy consumption (% of total),EG.USE.COMM.FO.ZS,,,,,,,,,,,,,,,,,,,,,,,,,,,,,,,0,0,0,0,0,0,0,0,0,0,0,0,0,0,0,0,0,0,0,0,0,0,0,0,0,0,0,0,0,0,0,0,0,0,,
South Asia,SAS,Fossil fuel energy consumption (% of total),EG.USE.COMM.FO.ZS,,,,,,,,,,,,33.69444595,33.87315808,34.09506841,35.10829538,35.46706672,36.40310555,36.80018342,35.92817689,37.40066695,38.13871817,40.05022501,41.66318861,42.40075365,43.62582892,45.60177394,46.62507587,48.17851677,49.65036151,51.14355677,56.49622109,57.66544739,58.75257518,59.48072673,60.21560802,62.20848082,62.78953538,63.5525635,63.77169032,65.2073751,65.436714,65.46055723,66.21974042,66.49344957,67.37056948,67.69636791,68.3252816,69.35155211,70.8964838,72.35029863,72.75173239,73.16940265,74.35351304,73.88180091,74.98278284,75.28005863,74.93993983,74.9180361,74.9909284,74.66539045,73.02665549,73.97847689,74.59835983,75.91146844,,
Saudi Arabia,SAU,Fossil fuel energy consumption (% of total),EG.USE.COMM.FO.ZS,,,,,,,,,,,,,,,,,,,,,,,,,,,,,,,99.96932702,99.97347478,99.98132728,99.98446484,99.97630801,,,99.68113668,99.85388113,99.90741202,92.82661374,92.84140289,90.97810756,90.35104688,95.52935614,92.44985975,95.79707624,93.66879432,96.29866083,96.5720623,97.11416053,88.25599358,96.89822988,93.59544212,94.68128951,7.126577878,0,0,0,0,0,0,0,0,,
Sudan,SDN,Fossil fuel energy consumption (% of total),EG.USE.COMM.FO.ZS,,,,,,,,,,,,,,,,,,,,,,,,,,,,,,,17.44590929,16.08143091,14.83549096,11.11443369,13.75028422,13.18223024,12.97137783,14.21759584,14.5564388,22.4631694,17.26491091,16.00441796,19.12644825,18.58704371,20.26989445,22.9936512,27.4314487,30.78118158,32.58098441,31.65298928,32.92931039,29.15199202,32.59246387,25.45998638,25.74730007,2.332813319,0,0,0,0,0,0,0,0,,
Senegal,SEN,Fossil fuel energy consumption (% of total),EG.USE.COMM.FO.ZS,,,,,,,,,,,,,,,,,,,,,,,,,,,,,,,43.25235425,42.38228372,45.40101823,44.83482024,44.02530782,45.64397511,45.41848975,47.06387627,48.44431123,49.70917405,50.29743679,53.2521839,52.60253461,51.76912482,55.07748826,55.61944844,55.16975176,53.90614236,53.67168652,44.51917808,44.58357515,46.83465861,45.76915964,52.10551222,52.92707385,29.7446178,0,0,0,0,0,0,0,0,,
Singapore,SGP,Fossil fuel energy consumption (% of total),EG.USE.COMM.FO.ZS,,,,,,,,,,,,,,,,,,,,,,,,,,,,,,,99.39180493,98.45351191,98.63640533,98.91148158,99.08373383,98.92588846,98.97116233,99.08357955,98.98588236,98.8857017,98.91593477,98.16558983,98.15102109,98.39918937,98.70871637,,,,,78.36301907,,,98.56892364,86.99463597,93.03986515,-48.63606997,0,0,0,0,0,0,0,0,,
Solomon Islands,SLB,Fossil fuel energy consumption (% of total),EG.USE.COMM.FO.ZS,,,,,,,,,,,,,,,,,,,,,,,,,,,,,,,0,,,,,,,,,,,,,,0,0,0,0,,,,,,,,,,,,,,,,,,
Sierra Leone,SLE,Fossil fuel energy consumption (% of total),EG.USE.COMM.FO.ZS,,,,,,,,,,,,,,,,,,,,,,,,,,,,,,,,,,,,,,,,,,,,,,,,,,,,,,,,,,,,,,,,,,
El Salvador,SLV,Fossil fuel energy consumption (% of total),EG.USE.COMM.FO.ZS,,,,,,,,,,,,,,,,,,,,,,,,,,,,,,,31.43285534,36.70404055,38.13719301,41.63143831,44.50769978,46.71625269,43.12195299,47.61907665,49.20837982,46.52475528,55.84689923,54.11237224,53.64949248,53.27102483,51.77576758,51.39137704,50.85139691,51.3173186,47.38970634,47.71324112,46.67901485,48.20968272,47.74592127,47.14748723,49.22685606,51.92973491,0,0,0,0,0,0,0,0,,
San Marino,SMR,Fossil fuel energy consumption (% of total),EG.USE.COMM.FO.ZS,,,,,,,,,,,,,,,,,,,,,,,,,,,,,,,,,,,,,,,,,,,,,,,,,,,,,,,,,,,,,,,,,,
"Somalia, Fed. Rep.",SOM,Fossil fuel energy consumption (% of total),EG.USE.COMM.FO.ZS,,,,,,,,,,,,,,,,,,,,,,,,,,,,,,,,,,,,,,,,,,,,,,,,,,,,,,,,,,,,,,,,,,
Serbia,SRB,Fossil fuel energy consumption (% of total),EG.USE.COMM.FO.ZS,,,,,,,,,,,,,,,,,,,,,,,,,,,,,,,91.60459515,90.09308496,90.12115193,89.5311371,88.34534348,88.57959736,88.51329783,90.1073704,90.33960862,85.15851703,85.92193682,86.43253087,87.02328434,89.15234107,90.62179614,89.90300696,90.4236822,90.19924683,90.16400195,87.67566204,86.76218044,88.89094902,86.91232394,88.41174601,83.75936457,64.55308195,0,0,0,0,0,0,0,0,,
Sub-Saharan Africa (excluding high income),SSA,Fossil fuel energy consumption (% of total),EG.USE.COMM.FO.ZS,,,,,,,,,,,,39.5258818,39.5469481,40.88904465,40.92213069,41.11444692,41.80472057,42.03607185,42.92216166,42.8564075,43.70821287,45.31213042,46.63271598,46.3016527,46.61640591,46.01101433,45.82998195,46.53801509,46.26445548,44.6733063,47.62558662,47.98590163,46.80211671,47.6434365,46.57743093,46.70612256,46.49746494,46.29603602,46.63858997,46.66057491,48.91758022,48.48162655,46.89576195,49.04835037,49.85603371,49.55853392,49.56246917,51.29111018,52.415782,51.81474035,51.90109861,52.46889566,50.44774487,50.37830348,51.54151032,50.34173432,50.67397717,49.81852596,48.88670397,49.91307743,47.62105613,48.05154987,46.78222773,46.37940141,20.26,
South Sudan,SSD,Fossil fuel energy consumption (% of total),EG.USE.COMM.FO.ZS,,,,,,,,,,,,,,,,,,,,,,,,,,,,,,,,,,,,,,,,,,,,,,,,,,,,,70.76717761,72.48827354,72.42846059,38.93632076,0,0,0,0,0,0,0,0,,
Sub-Saharan Africa,SSF,Fossil fuel energy consumption (% of total),EG.USE.COMM.FO.ZS,,,,,,,,,,,,36.2249062,36.20755839,37.4821725,37.51338182,37.69131323,38.36849339,38.6199356,39.5247499,39.51057034,40.36105367,41.94229473,43.21243431,42.87379306,43.17578876,42.57860257,42.42152125,43.1005504,42.84432431,41.28117453,44.60261317,44.89448699,43.62053957,44.41827536,43.41624718,43.57618695,43.39642932,43.19609042,43.43825948,43.41637914,45.33047042,44.90379727,43.37868753,45.46707549,46.2700153,45.92857571,45.91897191,47.56160856,48.70342101,48.10971145,48.13441932,48.76471616,46.83963343,46.82531253,47.95650269,46.76126838,47.11315149,46.26776625,45.37051764,46.41865063,44.19711006,44.78019048,43.51220057,43.02524538,20.26,
Small states,SST,Fossil fuel energy consumption (% of total),EG.USE.COMM.FO.ZS,72.12772797,69.75669076,69.2171756,69.71001925,68.16741661,69.59110063,68.76136156,66.240798,65.51641275,57.043839,54.34603204,83.6110719,84.51308464,83.61931668,84.1372601,83.26266141,84.43014972,85.10151575,86.07748987,85.09331374,85.56990639,84.05650221,82.83316433,82.81923135,84.84338901,84.95442613,85.13074865,83.70989669,84.89830343,84.76251992,80.6305204,89.4238761,88.51617647,87.19203288,86.74037126,85.25908555,85.67369826,85.82937985,85.58584619,85.35893413,84.68056201,85.44212719,85.45318576,86.95744645,76.78088793,77.59328969,77.5532681,77.41362149,83.50106302,81.64470431,83.36204531,82.51409969,82.07787333,81.45850049,81.95169051,80.45600996,80.74791055,80.60730885,79.23687291,78.44066378,75.93636522,76.84331611,77.46143257,75.44467974,29.3606227,
Sao Tome and Principe,STP,Fossil fuel energy consumption (% of total),EG.USE.COMM.FO.ZS,,,,,,,,,,,,,,,,,,,,,,,,,,,,,,,0,,,,,,,,,,,,,,0,0,0,0,,,,,,,,,,,,,,,,,,
Suriname,SUR,Fossil fuel energy consumption (% of total),EG.USE.COMM.FO.ZS,,,,,,,,,,,,,,,,,,,,,,,,,,,,,,,,,,,,,,,,,78.13983087,78.6977634,69.34234642,73.56642779,76.51767586,81.26142027,76.05849746,71.78353799,69.88633143,70.33896709,76.65366865,59.38939781,78.83089807,54.5495024,51.21056933,-38.67563313,0,0,0,0,0,0,0,0,,
Slovak Republic,SVK,Fossil fuel energy consumption (% of total),EG.USE.COMM.FO.ZS,,,,,,,,,,,,,,,,,,,,,,,,,,,,,,,81.62075106,80.71384046,80.83013721,78.56283481,76.21982864,78.57904506,78.20139994,78.1817066,78.47606072,75.93929566,72.51211854,73.0742775,72.43785299,72.17786439,72.21295727,72.10647148,70.88872993,70.91520899,70.32371021,70.00154119,67.49356232,65.94379064,63.93210301,63.78575831,62.45819247,61.46799561,0,0,0,0,0,0,0,0,0,
Slovenia,SVN,Fossil fuel energy consumption (% of total),EG.USE.COMM.FO.ZS,,,,,,,,,,,,,,,,,,,,,,,,,,,,,,,71.27504178,69.50230901,72.09749836,73.48117079,71.73342407,72.87534676,73.96265721,74.28454093,73.50516363,74.16507834,68.92618127,68.30792265,68.65715461,68.24916338,68.00766456,66.42045587,67.87937717,66.98538408,67.47600111,67.08099328,66.48349726,64.70476935,64.98981735,63.67726698,59.65667808,60.72017119,0,0,0,0,0,0,0,0,0,
Sweden,SWE,Fossil fuel energy consumption (% of total),EG.USE.COMM.FO.ZS,,,,,,,,,,,,,,,,,,,,,,,,,,,,,,,37.29738696,35.53059987,36.91041534,36.87936061,36.90455841,36.85513305,36.71836987,35.5655718,34.96422199,34.76540085,34.72807064,33.86031269,37.29051046,36.35382175,34.67999329,33.80846133,33.39033211,32.49807773,33.08923328,31.93043116,34.32587144,34.1704113,30.84437992,29.82822422,29.58742051,28.02332122,0,0,0,0,0,0,0,0,0,
Eswatini,SWZ,Fossil fuel energy consumption (% of total),EG.USE.COMM.FO.ZS,,,,,,,,,,,,,,,,,,,,,,,,,,,,,,,0,0,0,0,0,0,0,0,0,0,0,0,0,0,0,0,0,0,0,0,0,0,0,0,0,0,0,0,0,0,0,0,0,0,,
Sint Maarten (Dutch part),SXM,Fossil fuel energy consumption (% of total),EG.USE.COMM.FO.ZS,,,,,,,,,,,,,,,,,,,,,,,,,,,,,,,,,,,,,,,,,,,,,,,,,,,,,,,,,,,,,,,,,,
Seychelles,SYC,Fossil fuel energy consumption (% of total),EG.USE.COMM.FO.ZS,,,,,,,,,,,,,,,,,,,,,,,,,,,,,,,0,,,,,,,,,,,,,,0,0,0,0,,,,,,,,,,,,,,,,,,
Syrian Arab Republic,SYR,Fossil fuel energy consumption (% of total),EG.USE.COMM.FO.ZS,,,,,,,,,,,,,,,,,,,,,,,,,,,,,,,97.72856238,97.94694793,97.88799041,97.93288104,98.05102053,98.18560678,98.25401695,98.35786452,98.4246029,98.40621625,98.12707222,98.07666003,98.66486135,98.64063837,98.1443196,98.442836,98.70004051,98.48430366,99.06238131,99.27118418,98.97447141,95.64663827,87.21913765,99.08528305,97.15926414,44.37041302,0,0,0,0,0,0,0,0,,
Turks and Caicos Islands,TCA,Fossil fuel energy consumption (% of total),EG.USE.COMM.FO.ZS,,,,,,,,,,,,,,,,,,,,,,,,,,,,,,,,,,,,,,,,,,,,,,,,,,,,,,,,,,,,,,,,,,
Chad,TCD,Fossil fuel energy consumption (% of total),EG.USE.COMM.FO.ZS,,,,,,,,,,,,,,,,,,,,,,,,,,,,,,,0,0,0,0,0,0,0,0,0,0,0,0,0,0,0,0,0,0,0,0,0,0,0,0,0,0,0,0,0,0,0,0,0,0,,
East Asia & Pacific (IDA & IBRD countries),TEA,Fossil fuel energy consumption (% of total),EG.USE.COMM.FO.ZS,,,,,,,,,,,,55.50491429,56.48836562,57.16655413,57.26261722,59.9925365,60.62372592,63.12853229,65.41313936,65.49117773,64.94159215,64.21436914,64.54979244,65.55989775,66.82731691,67.21185533,68.0579349,69.0621258,70.05172244,70.16228716,72.07755461,71.55588284,72.29208019,73.68050094,74.25961649,75.66352824,76.56635046,76.63262442,76.61146666,77.01796213,78.02059922,78.88943473,80.0738221,82.16831994,83.95691893,85.24715321,86.08824613,87.06018204,87.19848796,87.83474963,88.58794607,89.22885649,89.03960937,89.01627424,88.53399485,88.24875519,87.44023086,87.06770445,86.67987674,86.4635011,86.28276321,86.04770304,85.65454229,85.81775995,,
Europe & Central Asia (IDA & IBRD countries),TEC,Fossil fuel energy consumption (% of total),EG.USE.COMM.FO.ZS,89.33975945,89.61421352,90.24593901,90.48215583,90.86472002,91.11421493,91.26485869,91.43384414,91.72587448,92.16273227,92.61986408,94.15758517,93.83968875,94.19714101,94.11100645,93.87932227,93.79629452,93.78125505,94.10004077,94.07630006,93.97684649,93.16997836,93.23252946,93.2273672,92.97035029,92.95968733,92.92992068,93.07037635,92.21663988,92.66373953,93.62020533,93.45699596,92.81318548,92.09179666,91.93104965,91.56953515,91.0695386,90.6957474,90.6546058,90.32974017,90.20635659,90.09644373,89.97840349,90.27475238,90.06655506,89.96953561,90.06487304,90.0742785,90.17903643,89.32668642,89.46637975,89.837155,89.4730306,89.18411606,88.72289481,87.90300458,88.0165861,88.02580088,87.90928041,86.98221278,86.40518769,87.27135902,87.32630957,86.90690761,81.6744357,
Togo,TGO,Fossil fuel energy consumption (% of total),EG.USE.COMM.FO.ZS,,,,,,,,,,,,,,,,,,,,,,,,,,,,,,,15.05908781,13.32530358,9.533575916,6.378257484,13.23478434,12.53786561,17.79540875,12.63942456,15.00140297,17.20570882,14.85630458,12.60194655,13.41171325,15.83117744,14.73178356,13.79186135,12.01048299,12.76947586,14.28820519,24.08754853,22.02284711,19.89320779,17.2042449,18.36505336,18.56659311,20.11793157,0,0,0,0,0,0,0,0,,
Thailand,THA,Fossil fuel energy consumption (% of total),EG.USE.COMM.FO.ZS,,,,,,,,,,,,,,,,,,,,,,,,,,,,,,,63.15930065,64.55411706,66.30658356,71.16278062,74.57147815,75.65986623,77.4991033,78.47825444,78.21073769,78.31649584,78.34727235,80.81288376,81.53637104,81.7005471,81.71554991,81.33098441,81.10510472,81.06937528,80.66348553,80.24858319,79.97812842,80.23184807,80.12928528,80.63290979,79.54588029,28.54777596,0,0,0,0,0,0,0,0,,
Tajikistan,TJK,Fossil fuel energy consumption (% of total),EG.USE.COMM.FO.ZS,,,,,,,,,,,,,,,,,,,,,,,,,,,,,,,71.31957483,69.64001666,65.20883136,57.72650525,44.04140293,41.02938156,39.37213856,44.52497715,45.00481226,41.45965375,38.53110779,36.92536068,35.52379667,35.16974733,38.76534917,36.72841133,38.30510018,42.58898352,41.55752855,35.64570051,34.60937553,36.25808672,42.03981563,37.25641364,50.75162006,48.56346049,0,0,0,0,0,0,0,0,,
Turkmenistan,TKM,Fossil fuel energy consumption (% of total),EG.USE.COMM.FO.ZS,,,,,,,,,,,,,,,,,,,,,,,,,,,,,,,,,,,,,,,,,,,,,,,,,,,,,,,,78.96743591,0,0,0,0,0,0,0,0,,
Latin America & the Caribbean (IDA & IBRD countries),TLA,Fossil fuel energy consumption (% of total),EG.USE.COMM.FO.ZS,,,,,,,,,,,,67.39110306,68.39802199,70.1051483,70.57855461,70.63774953,71.49518447,72.05117945,73.01919264,73.23573164,73.75268906,73.73211124,73.53322238,71.93094454,70.73506568,70.39706382,70.69380106,70.35609659,70.82216091,70.99858408,71.01210617,71.50374391,72.15048805,72.01602843,72.6873649,72.27216445,73.06058997,73.52483642,74.20479659,74.47501741,74.82177692,74.8202466,74.64611956,74.13410835,73.83886591,73.78911644,73.56892374,73.18848153,73.12639743,72.63965749,73.4714809,73.72357332,74.01948701,74.27976423,74.45609265,73.65755292,72.91966778,72.19645247,70.92532179,70.73458613,68.15107858,70.44205614,69.55973233,68.72936308,67.50887553,
Timor-Leste,TLS,Fossil fuel energy consumption (% of total),EG.USE.COMM.FO.ZS,,,,,,,,,,,,,,,,,,,,,,,,,,,,,,,,,,,,,,,,,,,,,0,0,0,0,,,,,,,,,,,,,,,,,,
"Middle East, North Africa, Afghanistan & Pakistan (IDA & IBRD)",TMN,Fossil fuel energy consumption (% of total),EG.USE.COMM.FO.ZS,,,,,,,,,,,,75.89053354,76.93270182,78.81220512,80.22600916,81.0578715,82.06430637,82.89072822,82.97107213,84.45790005,84.5800741,85.474826,86.66609178,86.49674645,87.1539813,87.70533336,87.49991369,87.56470787,87.94314524,88.62972982,88.22695637,88.33977481,88.73021636,89.21884414,89.55408798,89.74179204,89.63461609,90.22907693,90.04947882,90.38073572,90.15905284,90.33430324,90.34350302,90.17892655,90.36757861,90.61520384,90.71581605,90.95039674,91.64618208,91.58934264,91.4243498,91.40660176,91.50377367,91.16633701,91.48227195,91.27563969,91.53993616,92.06627597,92.13712401,92.2055741,92.27082278,92.42733512,91.86532167,92.03293427,,
Tonga,TON,Fossil fuel energy consumption (% of total),EG.USE.COMM.FO.ZS,,,,,,,,,,,,,,,,,,,,,,,,,,,,,,,0,,,,,,,,,,,,,,0,0,0,0,,,,,,,,,,,,,,,,,,
South Asia (IDA & IBRD),TSA,Fossil fuel energy consumption (% of total),EG.USE.COMM.FO.ZS,,,,,,,,,,,,33.69444595,33.87315808,34.09506841,35.10829538,35.46706672,36.40310555,36.80018342,35.92817689,37.40066695,38.13871817,40.05022501,41.66318861,42.40075365,43.62582892,45.60177394,46.62507587,48.17851677,49.65036151,51.14355677,56.49622109,57.66544739,58.75257518,59.48072673,60.21560802,62.20848082,62.78953538,63.5525635,63.77169032,65.2073751,65.436714,65.46055723,66.21974042,66.49344957,67.37056948,67.69636791,68.3252816,69.35155211,70.8964838,72.35029863,72.75173239,73.16940265,74.35351304,73.88180091,74.98278284,75.28005863,74.93993983,74.9180361,74.9909284,74.66539045,73.02665549,73.97847689,74.59835983,75.91146844,,
Sub-Saharan Africa (IDA & IBRD countries),TSS,Fossil fuel energy consumption (% of total),EG.USE.COMM.FO.ZS,,,,,,,,,,,,36.2249062,36.20755839,37.4821725,37.51338182,37.69131323,38.36849339,38.6199356,39.5247499,39.51057034,40.36105367,41.94229473,43.21243431,42.87379306,43.17578876,42.57860257,42.42152125,43.1005504,42.84432431,41.28117453,44.60261317,44.89448699,43.62053957,44.41827536,43.41624718,43.57618695,43.39642932,43.19609042,43.43825948,43.41637914,45.33047042,44.90379727,43.37868753,45.46707549,46.2700153,45.92857571,45.91897191,47.56160856,48.70342101,48.10971145,48.13441932,48.76471616,46.83963343,46.82531253,47.95650269,46.76126838,47.11315149,46.26776625,45.37051764,46.41865063,44.19711006,44.78019048,43.51220057,43.02524538,20.26,
Trinidad and Tobago,TTO,Fossil fuel energy consumption (% of total),EG.USE.COMM.FO.ZS,,,,,,,,,,,,,,,,,,,,,,,,,,,,,,,98.88150475,98.995272,99.08363144,,,,98.31761614,89.70935138,96.63485751,99.5083591,98.1964876,99.24992894,99.47302587,98.82899551,,99.96489516,,,,,,,99.48207425,,99.46398296,62.42046912,0,0,0,0,0,0,0,0,,
Tunisia,TUN,Fossil fuel energy consumption (% of total),EG.USE.COMM.FO.ZS,,,,,,,,,,,,,,,,,,,,,,,,,,,,,,,87.01497075,86.44948335,87.6675306,86.74788243,86.88054899,86.96466149,86.90646928,86.75996866,87.31042151,87.15474819,87.10638748,87.30674745,87.06186634,86.79403488,87.03210989,86.31231655,86.57402631,86.58154702,86.68686432,85.94935055,87.62350335,87.93239403,88.29311184,88.1163344,88.20139712,74.58716858,0,0,0,0,0,0,0,0,,
Turkiye,TUR,Fossil fuel energy consumption (% of total),EG.USE.COMM.FO.ZS,,,,,,,,,,,,,,,,,,,,,,,,,,,,,,,83.80119041,83.67002541,82.57481604,82.16394472,82.42099439,83.49899363,83.78631929,84.56803275,84.73848217,85.37739377,85.8741209,86.04907646,86.04889567,86.14887429,86.71121737,88.29150177,89.08381634,90.20789773,90.83125521,89.46063685,89.9149991,90.76247065,89.7131432,89.60891068,91.3802711,87.42797662,0,0,0,0,0,0,0,0,0,
Tuvalu,TUV,Fossil fuel energy consumption (% of total),EG.USE.COMM.FO.ZS,,,,,,,,,,,,,,,,,,,,,,,,,,,,,,,,,,,,,,,,,,,,,,,,,,,,,,,,,,,,,,,,,,
Tanzania,TZA,Fossil fuel energy consumption (% of total),EG.USE.COMM.FO.ZS,,,,,,,,,,,,,,,,,,,,,,,,,,,,,,,8.647945088,8.412179118,7.544844605,7.888184404,6.62460269,8.939518683,8.285711297,7.668671503,6.57720881,5.530112177,6.037578812,6.425359358,7.046270006,7.113826678,9.547788861,10.38433529,10.76868536,10.48514601,10.5969225,10.07360536,11.63250146,13.7848152,17.15481987,16.9315565,17.0925435,18.20336485,0,0,0,0,0,0,0,0,,
Uganda,UGA,Fossil fuel energy consumption (% of total),EG.USE.COMM.FO.ZS,,,,,,,,,,,,,,,,,,,,,,,,,,,,,,,0,0,0,0,0,0,0,0,0,0,0,0,0,0,0,0,0,0,0,0,0,0,0,0,0,0,0,0,0,0,0,0,0,0,,
Ukraine,UKR,Fossil fuel energy consumption (% of total),EG.USE.COMM.FO.ZS,,,,,,,,,,,,,,,,,,,,,,,,,,,,,,,91.82535077,91.65314071,90.67388762,88.99443796,88.13785694,88.01001624,85.44760098,84.67570223,84.27655163,85.09158114,84.17171471,84.34872872,84.28025041,87.09655827,84.69523018,84.3391171,83.09494442,81.3592553,80.84764455,79.07268797,80.50574998,79.55574582,79.26347754,78.22992078,75.3571271,65.68814694,0,0,0,0,0,0,0,0,,
Upper middle income,UMC,Fossil fuel energy consumption (% of total),EG.USE.COMM.FO.ZS,44.19907189,44.15911347,49.04966574,51.62627951,53.97489237,56.08172971,59.44922184,60.62461071,62.18319547,64.16108791,65.65402953,62.62444718,63.65315521,64.93353994,65.38123995,67.00150341,67.92996849,69.5831121,71.11485626,71.36369583,71.45500588,71.28625066,71.85282163,71.86677764,72.48513555,72.80442875,73.30828958,73.80416896,74.38922494,74.58074961,79.81992814,79.56140406,79.37283286,79.59820537,79.54437233,80.0878133,80.18502152,80.35599663,80.37233568,80.67913468,81.59491914,82.14048926,82.49932971,83.70645759,84.83491405,85.5895709,86.13280399,86.73158674,86.93094452,87.30434731,87.7503816,88.38739633,88.36601315,88.23389145,87.91151191,87.35906689,86.74223197,86.46136969,86.05415035,85.79124793,85.41247536,85.59988342,85.16752414,85.21825011,70.48772886,
Uruguay,URY,Fossil fuel energy consumption (% of total),EG.USE.COMM.FO.ZS,,,,,,,,,,,,,,,,,,,,,,,,,,,,,,,58.71250955,61.72558393,64.08654381,60.35943482,56.98585972,60.79445204,65.51668963,64.15215395,64.64992152,70.21833738,65.03780026,58.6231301,55.93943418,55.20021872,62.45710105,62.12389304,66.13597141,60.29128054,63.87490894,60.31028939,50.21804802,56.0681619,57.69389312,52.79896544,46.49126211,5.862567417,0,0,0,0,0,0,0,0,,
United States,USA,Fossil fuel energy consumption (% of total),EG.USE.COMM.FO.ZS,,,,,,,,,,,,,,,,,,,,,,,,,,,,,,,86.46400592,85.71294022,85.5944984,86.13355004,85.94257521,85.500885,85.54141642,86.4934454,86.12255127,85.81893598,85.89915104,86.38617718,86.28080862,86.31084917,86.15756074,86.05262777,85.66259483,85.63845777,85.00510714,84.19511992,84.12338681,83.88767368,83.94460296,82.9728877,83.40198975,82.32581628,0,0,0,0,0,0,0,0,0,
Uzbekistan,UZB,Fossil fuel energy consumption (% of total),EG.USE.COMM.FO.ZS,,,,,,,,,,,,,,,,,,,,,,,,,,,,,,,97.01607397,99.0618879,99.27414984,99.22184739,99.31652073,,,,,,,,,,,,,,,,93.24110627,,,,,,0,0,0,0,0,0,0,0,,
St. Vincent and the Grenadines,VCT,Fossil fuel energy consumption (% of total),EG.USE.COMM.FO.ZS,,,,,,,,,,,,,,,,,,,,,,,,,,,,,,,0,,,,,,,,,,,,,,0,0,0,0,,,,,,,,,,,,,,,,,,
"Venezuela, RB",VEN,Fossil fuel energy consumption (% of total),EG.USE.COMM.FO.ZS,,,,,,,,,,,,,,,,,,,,,,,,,,,,,,,90.44581326,89.22874282,89.84514178,89.11892515,89.92708169,89.19048908,89.42887048,88.73805427,89.16705402,76.22375425,77.03385807,86.27819549,76.80101024,74.73642901,81.72700969,77.0767628,84.84519256,75.83875195,86.10241439,89.6232252,86.07292764,87.84195314,95.49334935,80.32726893,90.12160701,3.023608114,0,0,0,0,0,0,0,0,,
British Virgin Islands,VGB,Fossil fuel energy consumption (% of total),EG.USE.COMM.FO.ZS,,,,,,,,,,,,,,,,,,,,,,,,,,,,,,,,,,,,,,,,,,,,,,,,,,,,,,,,,,,,,,,,,,
Virgin Islands (U.S.),VIR,Fossil fuel energy consumption (% of total),EG.USE.COMM.FO.ZS,,,,,,,,,,,,,,,,,,,,,,,,,,,,,,,,,,,,,,,,,,,,,,,,,,,,,,,,,,,,,,,,,,
Viet Nam,VNM,Fossil fuel energy consumption (% of total),EG.USE.COMM.FO.ZS,,,,,,,,,,,,,,,,,,,,,,,,,,,,,,,27.62433304,26.82214268,28.10191138,30.36284444,33.60864179,36.99960837,39.58542046,42.44638855,44.66485977,44.46757459,46.26898397,47.90945937,52.26660463,53.51007401,58.21631453,60.47116742,60.65040891,62.63628262,64.4393628,66.6432095,70.69722807,68.7056259,67.49737663,68.47347061,69.45218879,72.54715573,0,0,0,0,0,0,0,0,,
Vanuatu,VUT,Fossil fuel energy consumption (% of total),EG.USE.COMM.FO.ZS,,,,,,,,,,,,,,,,,,,,,,,,,,,,,,,0,,,,,,,,,,,,,,0,0,0,0,,,,,,,,,,,,,,,,,,
World,WLD,Fossil fuel energy consumption (% of total),EG.USE.COMM.FO.ZS,94.1345468,94.09571954,94.21763357,94.42413857,94.5373993,94.52379554,94.43048498,94.56634525,94.56557654,94.63801786,94.54807463,84.45071748,84.33545928,84.77311851,84.14968302,83.40228819,83.80503982,83.4571702,83.27090605,83.34838382,82.69029402,81.67315369,80.98839023,80.3109587,79.76756586,79.05676152,78.75818184,78.71931253,78.74699658,78.72607376,81.56750515,81.20595324,80.91800377,80.77428257,80.57235742,80.48773129,80.52753084,80.6258834,80.48756773,80.49113828,80.8278776,81.00526844,81.14012361,81.66083849,81.803176,81.929117,82.04558435,82.45376474,82.35849226,82.10122226,82.42111897,82.88362872,82.91954449,82.66141724,82.4700577,82.18161243,81.86338955,81.74172564,81.46815602,81.16474821,80.49078253,80.78195691,80.64941003,80.4052843,74.83199945,
Samoa,WSM,Fossil fuel energy consumption (% of total),EG.USE.COMM.FO.ZS,,,,,,,,,,,,,,,,,,,,,,,,,,,,,,,0,,,,,,,,,,,,,,0,0,0,0,,,,,,,,,,,,,,,,,,
Kosovo,XKX,Fossil fuel energy consumption (% of total),EG.USE.COMM.FO.ZS,,,,,,,,,,,,,,,,,,,,,,,,,,,,,,,,,,,,,,,,,83.92267429,86.39372469,86.27717104,86.95110426,86.76230643,87.2096316,87.30212011,88.08794969,87.57461411,88.18078596,88.37101082,88.64308127,88.63153032,90.21079131,86.121582,,,,,,,,,,,
"Yemen, Rep.",YEM,Fossil fuel energy consumption (% of total),EG.USE.COMM.FO.ZS,,,,,,,,,,,,,,,,,,,,,,,,,,,,,,,96.92159718,97.47046806,97.68414778,97.32445292,97.43720977,97.73604047,97.78271916,97.91295696,98.04680301,98.2695295,98.37016562,98.49007183,98.39896717,98.52020951,98.6076277,98.65548857,98.70642622,98.63728664,98.67945076,98.75855694,98.62025137,98.28673901,98.03664895,98.4968312,95.02005383,60.07962518,0,0,0,0,0,0,0,0,,
South Africa,ZAF,Fossil fuel energy consumption (% of total),EG.USE.COMM.FO.ZS,,,,,,,,,,,,,,,,,,,,,,,,,,,,,,,85.91207617,87.46571791,84.44806896,86.46501592,85.19563156,85.08176748,83.21304822,83.5468351,81.01600787,83.66838083,85.8322835,92.65391626,93.88409628,90.69665796,92.05179402,95.12238457,92.51082637,91.85150196,92.49512446,89.217174,94.0613354,91.48160128,94.27928466,94.50592037,94.11882039,80.10185131,0,0,0,0,0,0,0,0,,
Zambia,ZMB,Fossil fuel energy consumption (% of total),EG.USE.COMM.FO.ZS,,,,,,,,,,,,,,,,,,,,,,,,,,,,,,,15.50939623,15.9420214,15.35560117,13.362499,11.97575212,11.53970889,9.64582908,12.02480439,11.58106589,9.12881093,9.25576565,9.446080309,9.730835356,10.02379181,9.918853047,10.35717007,9.525577297,6.714715652,7.069695971,7.170551316,7.254538294,7.965460714,9.86283665,9.830923554,10.4315138,4.529141128,0,0,0,0,0,0,0,0,,
Zimbabwe,ZWE,Fossil fuel energy consumption (% of total),EG.USE.COMM.FO.ZS,,,,,,,,,,,,,,,,,,,,,,,,,,,,,,,44.79909986,47.31334504,47.33853544,45.77416342,43.72296456,43.5600355,42.06541529,40.05626075,39.77531005,41.52799474,56.04816041,57.24632102,53.73130854,47.95202111,46.44636527,48.71913487,44.98623265,44.6108225,39.36108648,39.79688696,41.8998648,48.30200318,49.65501095,50.62370098,50.2112489,51.17590435,0,0,0,0,0,0,0,0,,
